NOMBRE DEL PROYECTO,ETAPA_DE_PROYECTO,TIPO_DE_OBRA,AREA_CONSTRUCCION,AREA_TERRENO,PRECIO_SOLES,PRECIO_X_M2,NRO_UNIDADES,NRO_DORMITORIOS,PCT_AVANCE,NOMBRE DEL CONSTRUCTOR,TIPO CONSTRUCTOR,NRO_PISOS,URBANIZACION,SECTOR_URBANO
ACOSTA 131,1.0,Edificio de departamentos,3320,622,2044110.0,8773.0,1,3,0.05,ERGO CONSTRUCCIONES SAC,4,6,,Lima Top
ACOSTA 131,1.0,Edificio de departamentos,3320,622,911250.0,10125.0,1,1,0.05,ERGO CONSTRUCCIONES SAC,4,6,,Lima Top
ACOSTA 131,1.0,Edificio de departamentos,3320,622,1229040.0,10415.6,4,2,0.05,ERGO CONSTRUCCIONES SAC,4,6,,Lima Top
ACOSTA 131,1.0,Edificio de departamentos,3320,622,1604580.0,10419.4,4,3,0.05,ERGO CONSTRUCCIONES SAC,4,6,,Lima Top
ACOSTA 131,1.0,Edificio de departamentos,3320,622,1570440.0,6857.82,1,1,0.05,ERGO CONSTRUCCIONES SAC,4,6,,Lima Top
ACOSTA 131,1.0,Edificio de departamentos,3320,622,1916680.0,7546.0,1,2,0.05,ERGO CONSTRUCCIONES SAC,4,6,,Lima Top
ACOSTA 131,1.0,Edificio de departamentos,3320,622,1143690.0,8935.08,1,1,0.05,ERGO CONSTRUCCIONES SAC,4,6,,Lima Top
ACOSTA 131,1.0,Edificio de departamentos,3320,622,1075410.0,10440.9,1,1,0.05,ERGO CONSTRUCCIONES SAC,4,6,,Lima Top
ACOSTA 131,1.0,Edificio de departamentos,3320,622,1227440.0,9515.0,1,1,0.05,ERGO CONSTRUCCIONES SAC,4,6,,Lima Top
ACOSTA 131,1.0,Edificio de departamentos,3320,622,2958530.0,9732.0,2,3,0.05,ERGO CONSTRUCCIONES SAC,4,6,,Lima Top
ACOSTA 131,1.0,Edificio de departamentos,3320,622,1621650.0,10668.8,4,3,0.05,ERGO CONSTRUCCIONES SAC,4,6,,Lima Top
ALBA,1.0,Edificio de departamentos,5600,270,62622.0,4473.0,26,0,0.55,CONSTRUCTORA TERRAZUL SAC,4,21,,Lima Top
ALBA,1.0,Edificio de departamentos,5600,270,451388.0,9604.0,6,1,0.55,CONSTRUCTORA TERRAZUL SAC,4,21,,Lima Top
ALBA,1.0,Edificio de departamentos,5600,270,425000.0,9883.72,7,1,0.55,CONSTRUCTORA TERRAZUL SAC,4,21,,Lima Top
ALBA,1.0,Edificio de departamentos,5600,270,461520.0,9615.0,7,1,0.55,CONSTRUCTORA TERRAZUL SAC,4,21,,Lima Top
ALBA,1.0,Edificio de departamentos,5600,270,780000.0,10000.0,2,2,0.55,CONSTRUCTORA TERRAZUL SAC,4,21,,Lima Top
ALBA,1.0,Edificio de departamentos,5600,270,1185900.0,10050.0,2,3,0.55,CONSTRUCTORA TERRAZUL SAC,4,21,,Lima Top
ALBA,1.0,Edificio de departamentos,5600,270,887145.0,11089.3,23,3,0.55,CONSTRUCTORA TERRAZUL SAC,4,21,,Lima Top
ALBA,1.0,Edificio de departamentos,5600,270,681884.0,11364.7,13,2,0.55,CONSTRUCTORA TERRAZUL SAC,4,21,,Lima Top
ALBA,1.0,Edificio de departamentos,5600,270,496230.0,9730.0,19,2,0.55,CONSTRUCTORA TERRAZUL SAC,4,21,,Lima Top
ALTAVIA,1.0,Edificio de departamentos,2380,476,51210.0,3939.23,32,0,0.3,INVERSIONES DICON SAC,4,8,,Lima Top
ALTAVIA,1.0,Edificio de departamentos,2380,476,1304150.0,6424.37,1,3,0.3,INVERSIONES DICON SAC,4,8,,Lima Top
ALTAVIA,1.0,Edificio de departamentos,2380,476,1540800.0,7200.0,1,3,0.3,INVERSIONES DICON SAC,4,8,,Lima Top
ALTAVIA,1.0,Edificio de departamentos,2380,476,802256.0,6916.0,7,3,0.3,INVERSIONES DICON SAC,4,8,,Lima Top
ALTAVIA,1.0,Edificio de departamentos,2380,476,761322.0,7391.48,7,3,0.3,INVERSIONES DICON SAC,4,8,,Lima Top
ALTAVISTA ARANIBAR ,1.0,Edificio de departamentos,12550,460,784000.0,12250.0,33,2,0.15,RESIDENCIAL ALTAVISTA ARANIBAR SAC,4,22,,Lima Top
ALTAVISTA ARANIBAR ,1.0,Edificio de departamentos,12550,460,0.0,0.0,1,0,0.15,RESIDENCIAL ALTAVISTA ARANIBAR SAC,4,22,,Lima Top
ALTAVISTA ARANIBAR ,1.0,Edificio de departamentos,12550,460,77000.0,5923.08,150,0,0.15,RESIDENCIAL ALTAVISTA ARANIBAR SAC,4,22,,Lima Top
ALTAVISTA ARANIBAR ,1.0,Edificio de departamentos,12550,460,298880.0,7472.0,35,1,0.15,RESIDENCIAL ALTAVISTA ARANIBAR SAC,4,22,,Lima Top
ALTAVISTA ARANIBAR ,1.0,Edificio de departamentos,12550,460,418238.0,7211.0,33,2,0.15,RESIDENCIAL ALTAVISTA ARANIBAR SAC,4,22,,Lima Top
ALTAVISTA ARANIBAR ,1.0,Edificio de departamentos,12550,460,673800.0,8984.0,33,3,0.15,RESIDENCIAL ALTAVISTA ARANIBAR SAC,4,22,,Lima Top
ALTAVISTA ARANIBAR ,1.0,Edificio de departamentos,12550,460,609635.0,7345.0,1,2,0.15,RESIDENCIAL ALTAVISTA ARANIBAR SAC,4,22,,Lima Top
ALTAVISTA ARANIBAR ,1.0,Edificio de departamentos,12550,460,1008000.0,10723.4,33,3,0.15,RESIDENCIAL ALTAVISTA ARANIBAR SAC,4,22,,Lima Top
ALTAVISTA ARANIBAR ,1.0,Edificio de departamentos,12550,460,809400.0,7100.0,1,3,0.15,RESIDENCIAL ALTAVISTA ARANIBAR SAC,4,22,,Lima Top
ALTAVISTA ARANIBAR ,1.0,Edificio de departamentos,12550,460,754000.0,7250.0,1,3,0.15,RESIDENCIAL ALTAVISTA ARANIBAR SAC,4,22,,Lima Top
AQUILARIA,1.0,Edificio de departamentos,38228,1305,744000.0,9073.17,60,2,1.0,GRUPO ABRIL SAC,4,27,,Lima Top
AQUILARIA,1.0,Edificio de departamentos,38228,1305,661163.0,10017.6,30,2,1.0,GRUPO ABRIL SAC,4,27,,Lima Top
AQUILARIA,1.0,Edificio de departamentos,38228,1305,701000.0,8057.47,28,3,1.0,GRUPO ABRIL SAC,4,27,,Lima Top
AQUILARIA,1.0,Edificio de departamentos,38228,1305,781680.0,8782.92,14,3,1.0,GRUPO ABRIL SAC,4,27,,Lima Top
AQUILARIA,1.0,Edificio de departamentos,38228,1305,388600.0,9715.0,32,1,1.0,GRUPO ABRIL SAC,4,27,,Lima Top
AQUILARIA,1.0,Edificio de departamentos,38228,1305,48000.0,3692.31,150,0,1.0,GRUPO ABRIL SAC,4,27,,Lima Top
AQUILARIA,1.0,Edificio de departamentos,38228,1305,0.0,0.0,1,0,1.0,GRUPO ABRIL SAC,4,27,,Lima Top
AQUILARIA,1.0,Edificio de departamentos,38228,1305,777308.0,8449.0,13,2,1.0,GRUPO ABRIL SAC,4,27,,Lima Top
ARAMBURU LIVING,1.0,Edificio de departamentos,12550,460,477060.0,7951.0,9,2,0.45,P&P GRUPO CONSTRUCTOR SAC,4,22,,Lima Top
ARAMBURU LIVING,1.0,Edificio de departamentos,12550,460,50000.0,3571.43,98,0,0.45,P&P GRUPO CONSTRUCTOR SAC,4,22,,Lima Top
ARAMBURU LIVING,1.0,Edificio de departamentos,12550,460,0.0,0.0,1,0,0.45,P&P GRUPO CONSTRUCTOR SAC,4,22,,Lima Top
ARAMBURU LIVING,1.0,Edificio de departamentos,12550,460,592361.0,7693.0,2,2,0.45,P&P GRUPO CONSTRUCTOR SAC,4,22,,Lima Top
ARAMBURU LIVING,1.0,Edificio de departamentos,12550,460,343645.0,7991.74,32,1,0.45,P&P GRUPO CONSTRUCTOR SAC,4,22,,Lima Top
ARAMBURU LIVING,1.0,Edificio de departamentos,12550,460,282778.0,8079.37,24,1,0.45,P&P GRUPO CONSTRUCTOR SAC,4,22,,Lima Top
ARAMBURU LIVING,1.0,Edificio de departamentos,12550,460,447084.0,6386.91,2,1,0.45,P&P GRUPO CONSTRUCTOR SAC,4,22,,Lima Top
ARAMBURU LIVING,1.0,Edificio de departamentos,12550,460,206830.0,7955.0,16,1,0.45,P&P GRUPO CONSTRUCTOR SAC,4,22,,Lima Top
ARAMBURU LIVING,1.0,Edificio de departamentos,12550,460,182275.0,7925.0,31,1,0.45,P&P GRUPO CONSTRUCTOR SAC,4,22,,Lima Top
ARAMBURU LIVING,1.0,Edificio de departamentos,12550,460,429000.0,8094.34,15,2,0.45,P&P GRUPO CONSTRUCTOR SAC,4,22,,Lima Top
ARAMBURU LIVING,1.0,Edificio de departamentos,12550,460,515000.0,7463.77,9,2,0.45,P&P GRUPO CONSTRUCTOR SAC,4,22,,Lima Top
ARAMBURU LIVING,1.0,Edificio de departamentos,12550,460,435000.0,7631.58,36,2,0.45,P&P GRUPO CONSTRUCTOR SAC,4,22,,Lima Top
ARAMBURU LIVING,1.0,Edificio de departamentos,12550,460,442076.0,7622.0,40,2,0.45,P&P GRUPO CONSTRUCTOR SAC,4,22,,Lima Top
ARAMBURU PARK,,Edificio de departamentos,16900,780,359785.0,7655.0,25,1,0.0,TALE CONSTRUCTORA SAC,4,22,,Lima Top
ARAMBURU PARK,,Edificio de departamentos,16900,780,439582.0,7579.0,25,2,0.0,TALE CONSTRUCTORA SAC,4,22,,Lima Top
ARAMBURU PARK,,Edificio de departamentos,16900,780,579880.0,7630.0,27,3,0.0,TALE CONSTRUCTORA SAC,4,22,,Lima Top
ARAMBURU PARK,,Edificio de departamentos,16900,780,475000.0,7916.67,25,2,0.0,TALE CONSTRUCTORA SAC,4,22,,Lima Top
ARAMBURU PARK,,Edificio de departamentos,16900,780,422000.0,8115.38,25,1,0.0,TALE CONSTRUCTORA SAC,4,22,,Lima Top
ARAMBURU PARK,,Edificio de departamentos,16900,780,604000.0,7743.59,25,3,0.0,TALE CONSTRUCTORA SAC,4,22,,Lima Top
ARAMBURU PARK,,Edificio de departamentos,16900,780,496000.0,8000.0,28,2,0.0,TALE CONSTRUCTORA SAC,4,22,,Lima Top
ARAMBURU PARK,,Edificio de departamentos,16900,780,48000.0,3692.31,200,0,0.0,TALE CONSTRUCTORA SAC,4,22,,Lima Top
ARAMBURU PARK,,Edificio de departamentos,16900,780,10000.0,2500.0,28,0,0.0,TALE CONSTRUCTORA SAC,4,22,,Lima Top
ARAMBURU PARK,,Edificio de departamentos,16900,780,0.0,0.0,1,0,0.0,TALE CONSTRUCTORA SAC,4,22,,Lima Top
ARAMBURU PARK,,Edificio de departamentos,16900,780,309000.0,7536.59,20,1,0.0,TALE CONSTRUCTORA SAC,4,22,,Lima Top
ARAMBURU PARK,,Edificio de departamentos,16900,780,299598.0,7682.0,25,1,0.0,TALE CONSTRUCTORA SAC,4,22,,Lima Top
ARAMBURÚ 971,,Edificio de departamentos,6160,484,448472.0,9152.49,1,0,0.0,QOLONO INMOBILIARIA SAC,4,11,,Lima Top
ARAMBURÚ 971,,Edificio de departamentos,6160,484,397008.0,9452.57,1,0,0.0,QOLONO INMOBILIARIA SAC,4,11,,Lima Top
ARAMBURÚ 971,,Edificio de departamentos,6160,484,503612.0,11445.7,1,0,0.0,QOLONO INMOBILIARIA SAC,4,11,,Lima Top
ARAMBURÚ 971,,Edificio de departamentos,6160,484,694764.0,7719.6,7,2,0.0,QOLONO INMOBILIARIA SAC,4,11,,Lima Top
ARAMBURÚ 971,,Edificio de departamentos,6160,484,349220.0,12042.1,3,0,0.0,QOLONO INMOBILIARIA SAC,4,11,,Lima Top
ARAMBURÚ 971,,Edificio de departamentos,6160,484,56978.0,4069.86,24,0,0.0,QOLONO INMOBILIARIA SAC,4,11,,Lima Top
ARAMBURÚ 971,,Edificio de departamentos,6160,484,955969.0,7353.61,7,3,0.0,QOLONO INMOBILIARIA SAC,4,11,,Lima Top
ARAMBURÚ 971,,Edificio de departamentos,6160,484,1234070.0,5207.03,2,3,0.0,QOLONO INMOBILIARIA SAC,4,11,,Lima Top
ARAMBURÚ 971,,Edificio de departamentos,6160,484,1125760.0,6822.76,1,3,0.0,QOLONO INMOBILIARIA SAC,4,11,,Lima Top
ARAMBURÚ 971,,Edificio de departamentos,6160,484,731524.0,7102.17,1,2,0.0,QOLONO INMOBILIARIA SAC,4,11,,Lima Top
ARAMBURÚ 971,,Edificio de departamentos,6160,484,374952.0,12929.4,2,0,0.0,QOLONO INMOBILIARIA SAC,4,11,,Lima Top
ASCENT,1.0,Edificio de departamentos,11890,2378,709222.0,8865.28,4,2,0.0,PDK PERU SRL,4,22,,Lima Top
ASCENT,1.0,Edificio de departamentos,11890,2378,672563.0,11209.4,65,2,0.0,PDK PERU SRL,4,22,,Lima Top
ASCENT,1.0,Edificio de departamentos,11890,2378,839412.0,10492.7,65,2,0.0,PDK PERU SRL,4,22,,Lima Top
ASCENT,1.0,Edificio de departamentos,11890,2378,53700.0,3835.71,102,0,0.0,PDK PERU SRL,4,22,,Lima Top
BALTHAZAR,1.0,Edificio de departamentos,12370,495,0.0,0.0,1,0,0.62,TUCAN INVERSIONES SRL,4,28,,Lima Top
BALTHAZAR,1.0,Edificio de departamentos,12370,495,64350.0,4290.0,225,0,0.62,TUCAN INVERSIONES SRL,4,28,,Lima Top
BALTHAZAR,1.0,Edificio de departamentos,12370,495,601948.0,9868.0,30,2,0.62,TUCAN INVERSIONES SRL,4,28,,Lima Top
BALTHAZAR,1.0,Edificio de departamentos,12370,495,543000.0,9050.0,46,2,0.62,TUCAN INVERSIONES SRL,4,28,,Lima Top
BALTHAZAR,1.0,Edificio de departamentos,12370,495,429000.0,9533.33,85,1,0.62,TUCAN INVERSIONES SRL,4,28,,Lima Top
BASADRE 1101,1.0,Edificio de departamentos,2607,400,2190020.0,10233.7,2,3,1.0,SOLUCIONES INMOBILIARIA MORADA SAC,4,7,ORRANTIA,Lima Top
BASADRE 1101,1.0,Edificio de departamentos,2607,400,2755170.0,11338.1,5,3,1.0,SOLUCIONES INMOBILIARIA MORADA SAC,4,7,ORRANTIA,Lima Top
BASADRE 1101,1.0,Edificio de departamentos,2607,400,2189850.0,10329.5,4,3,1.0,SOLUCIONES INMOBILIARIA MORADA SAC,4,7,ORRANTIA,Lima Top
BASADRE 1120,,Edificio de departamentos,4880,530,2815080.0,10465.0,4,4,0.0,PROMOTORES INMOBILIARIA SAC,4,8,,Lima Top
BASADRE 1120,,Edificio de departamentos,4880,530,2794350.0,8927.64,1,3,0.0,PROMOTORES INMOBILIARIA SAC,4,8,,Lima Top
BASADRE 1120,,Edificio de departamentos,4880,530,2027540.0,8777.21,2,2,0.0,PROMOTORES INMOBILIARIA SAC,4,8,,Lima Top
BASADRE 1120,,Edificio de departamentos,4880,530,1747420.0,10655.0,5,3,0.0,PROMOTORES INMOBILIARIA SAC,4,8,,Lima Top
BASADRE 1120,,Edificio de departamentos,4880,530,2075320.0,10325.0,4,3,0.0,PROMOTORES INMOBILIARIA SAC,4,8,,Lima Top
BASADRE 1120,,Edificio de departamentos,4880,530,50520.0,3886.15,42,0,0.0,PROMOTORES INMOBILIARIA SAC,4,8,,Lima Top
BASADRE 1120,,Edificio de departamentos,4880,530,0.0,0.0,1,0,0.0,PROMOTORES INMOBILIARIA SAC,4,8,,Lima Top
BASADRE 1120,,Edificio de departamentos,4880,530,12000.0,3000.0,20,0,0.0,PROMOTORES INMOBILIARIA SAC,4,8,,Lima Top
BASADRE 1120,,Edificio de departamentos,4880,530,1122220.0,11222.2,4,2,0.0,PROMOTORES INMOBILIARIA SAC,4,8,,Lima Top
BASADRE 1120,,Edificio de departamentos,4880,530,2046890.0,8861.0,1,2,0.0,PROMOTORES INMOBILIARIA SAC,4,8,,Lima Top
BASADRE 1310,1.0,Edificio de departamentos,8810,680,2209970.0,10375.4,6,3,1.0,LANS EDIFICACIONES SAC,4,10,,Lima Top
BASADRE 1310,1.0,Edificio de departamentos,8810,680,1732300.0,10895.0,6,3,1.0,LANS EDIFICACIONES SAC,4,10,,Lima Top
BASADRE 1310,1.0,Edificio de departamentos,8810,680,857736.0,11286.0,14,1,1.0,LANS EDIFICACIONES SAC,4,10,,Lima Top
BASADRE 1310,1.0,Edificio de departamentos,8810,680,969000.0,11400.0,9,1,1.0,LANS EDIFICACIONES SAC,4,10,,Lima Top
BASADRE 1310,1.0,Edificio de departamentos,8810,680,2850000.0,8990.54,1,5,1.0,LANS EDIFICACIONES SAC,4,10,,Lima Top
BASADRE 1310,1.0,Edificio de departamentos,8810,680,27000.0,3375.0,6,0,1.0,LANS EDIFICACIONES SAC,4,10,,Lima Top
BASADRE 1310,1.0,Edificio de departamentos,8810,680,0.0,0.0,1,0,1.0,LANS EDIFICACIONES SAC,4,10,,Lima Top
BASADRE 1310,1.0,Edificio de departamentos,8810,680,52000.0,3466.67,15,0,1.0,LANS EDIFICACIONES SAC,4,10,,Lima Top
BASADRE 1310,1.0,Edificio de departamentos,8810,680,1350000.0,11538.5,3,2,1.0,LANS EDIFICACIONES SAC,4,10,,Lima Top
BASADRE 1310,1.0,Edificio de departamentos,8810,680,1300000.0,11016.9,9,1,1.0,LANS EDIFICACIONES SAC,4,10,,Lima Top
BASADRE 1310,1.0,Edificio de departamentos,8810,680,2618000.0,11000.0,1,2,1.0,LANS EDIFICACIONES SAC,4,10,,Lima Top
BAVARIA,1.0,Edificio de departamentos,3519,480,650016.0,7831.52,10,2,1.0,SOCIEDAD CONSULTORA DE INVERSIONES S.A.,4,7,,Lima Top
BAVARIA,1.0,Edificio de departamentos,3519,480,691410.0,8431.83,10,2,1.0,SOCIEDAD CONSULTORA DE INVERSIONES S.A.,4,7,,Lima Top
BAVARIA,1.0,Edificio de departamentos,3519,480,760960.0,4299.21,10,2,1.0,SOCIEDAD CONSULTORA DE INVERSIONES S.A.,4,7,,Lima Top
BAVARIA,1.0,Edificio de departamentos,3519,480,52650.0,4050.0,13,0,1.0,SOCIEDAD CONSULTORA DE INVERSIONES S.A.,4,7,,Lima Top
BAVARIA,1.0,Edificio de departamentos,3519,480,9260.0,3086.67,15,0,1.0,SOCIEDAD CONSULTORA DE INVERSIONES S.A.,4,7,,Lima Top
BLOOM,1.0,Edificio de departamentos,7312,1102,700000.0,8750.0,12,2,1.0,INVERSIONES EN INMUEBLES LIMA SAC,4,9,CORPAC,Lima Top
BLOOM,1.0,Edificio de departamentos,7312,1102,670000.0,6700.0,1,2,1.0,INVERSIONES EN INMUEBLES LIMA SAC,4,9,CORPAC,Lima Top
BLOOM,1.0,Edificio de departamentos,7312,1102,708000.0,7612.9,5,2,1.0,INVERSIONES EN INMUEBLES LIMA SAC,4,9,CORPAC,Lima Top
BLOOM,1.0,Edificio de departamentos,7312,1102,800000.0,8000.0,7,3,1.0,INVERSIONES EN INMUEBLES LIMA SAC,4,9,CORPAC,Lima Top
BLOOM,1.0,Edificio de departamentos,7312,1102,850000.0,5944.06,1,2,1.0,INVERSIONES EN INMUEBLES LIMA SAC,4,9,CORPAC,Lima Top
BLOOM,1.0,Edificio de departamentos,7312,1102,482000.0,7531.25,38,2,1.0,INVERSIONES EN INMUEBLES LIMA SAC,4,9,CORPAC,Lima Top
BLOOM,1.0,Edificio de departamentos,7312,1102,995000.0,7210.15,1,2,1.0,INVERSIONES EN INMUEBLES LIMA SAC,4,9,CORPAC,Lima Top
BLOOM,1.0,Edificio de departamentos,7312,1102,7800.0,1560.0,26,0,1.0,INVERSIONES EN INMUEBLES LIMA SAC,4,9,CORPAC,Lima Top
BLOOM,1.0,Edificio de departamentos,7312,1102,57000.0,4071.43,61,0,1.0,INVERSIONES EN INMUEBLES LIMA SAC,4,9,CORPAC,Lima Top
BLOOM,1.0,Edificio de departamentos,7312,1102,1175000.0,7078.31,1,3,1.0,INVERSIONES EN INMUEBLES LIMA SAC,4,9,CORPAC,Lima Top
BLOOM,1.0,Edificio de departamentos,7312,1102,1900000.0,8920.19,2,3,1.0,INVERSIONES EN INMUEBLES LIMA SAC,4,9,CORPAC,Lima Top
BLOOM,1.0,Edificio de departamentos,7312,1102,0.0,0.0,1,0,1.0,INVERSIONES EN INMUEBLES LIMA SAC,4,9,CORPAC,Lima Top
BLOSSOMS,1.0,Edificio de departamentos,5190,1038,856660.0,7385.0,1,2,0.45,CONSTRUCTORA FERIBA SAC,4,14,,Lima Top
BLOSSOMS,1.0,Edificio de departamentos,5190,1038,1067370.0,7570.0,1,3,0.45,CONSTRUCTORA FERIBA SAC,4,14,,Lima Top
BLOSSOMS,1.0,Edificio de departamentos,5190,1038,853200.0,7419.13,2,2,0.45,CONSTRUCTORA FERIBA SAC,4,14,,Lima Top
BLOSSOMS,1.0,Edificio de departamentos,5190,1038,1024760.0,7480.0,6,3,0.45,CONSTRUCTORA FERIBA SAC,4,14,,Lima Top
BLOSSOMS,1.0,Edificio de departamentos,5190,1038,934557.0,8495.97,8,2,0.45,CONSTRUCTORA FERIBA SAC,4,14,,Lima Top
BLOSSOMS,1.0,Edificio de departamentos,5190,1038,1775250.0,6550.74,1,4,0.45,CONSTRUCTORA FERIBA SAC,4,14,,Lima Top
BLOSSOMS,1.0,Edificio de departamentos,5190,1038,779625.0,7496.39,1,2,0.45,CONSTRUCTORA FERIBA SAC,4,14,,Lima Top
BLOSSOMS,1.0,Edificio de departamentos,5190,1038,1843870.0,8016.83,1,2,0.45,CONSTRUCTORA FERIBA SAC,4,14,,Lima Top
BLOSSOMS,1.0,Edificio de departamentos,5190,1038,73059.0,4870.6,31,0,0.45,CONSTRUCTORA FERIBA SAC,4,14,,Lima Top
BLOSSOMS,1.0,Edificio de departamentos,5190,1038,50068.0,3851.38,30,0,0.45,CONSTRUCTORA FERIBA SAC,4,14,,Lima Top
BLOSSOMS,1.0,Edificio de departamentos,5190,1038,1014830.0,7462.0,6,3,0.45,CONSTRUCTORA FERIBA SAC,4,14,,Lima Top
BLUE SAN ISIDRO,1.0,Edificio de departamentos,17748,350,444700.0,8894.0,34,1,0.6,ESPARQ INVERSIONES SA,4,40,,Lima Top
BLUE SAN ISIDRO,1.0,Edificio de departamentos,17748,350,8000.0,2666.67,15,0,0.6,ESPARQ INVERSIONES SA,4,40,,Lima Top
BLUE SAN ISIDRO,1.0,Edificio de departamentos,17748,350,556450.0,8975.0,29,2,0.6,ESPARQ INVERSIONES SA,4,40,,Lima Top
BLUE SAN ISIDRO,1.0,Edificio de departamentos,17748,350,678000.0,9685.71,28,3,0.6,ESPARQ INVERSIONES SA,4,40,,Lima Top
BLUE SAN ISIDRO,1.0,Edificio de departamentos,17748,350,690000.0,9324.32,32,3,0.6,ESPARQ INVERSIONES SA,4,40,,Lima Top
BLUE SAN ISIDRO,1.0,Edificio de departamentos,17748,350,783000.0,8897.73,36,4,0.6,ESPARQ INVERSIONES SA,4,40,,Lima Top
BLUE SAN ISIDRO,1.0,Edificio de departamentos,17748,350,60000.0,4000.0,124,0,0.6,ESPARQ INVERSIONES SA,4,40,,Lima Top
BLUE SAN ISIDRO,1.0,Edificio de departamentos,17748,350,504000.0,8689.66,33,2,0.6,ESPARQ INVERSIONES SA,4,40,,Lima Top
BLUE SAN ISIDRO,1.0,Edificio de departamentos,17748,350,479000.0,10886.4,34,1,0.6,ESPARQ INVERSIONES SA,4,40,,Lima Top
BLUE SAN ISIDRO,1.0,Edificio de departamentos,17748,350,439000.0,10975.0,34,1,0.6,ESPARQ INVERSIONES SA,4,40,,Lima Top
CANAVAL 185,1.0,Edificio de departamentos,11299,800,545900.0,10498.1,35,1,1.0,ECHEVERRIA IZQUIERDO INMOBILIARIA PERU,4,28,CORPAC,Lima Top
CANAVAL 185,1.0,Edificio de departamentos,11299,800,759900.0,10409.6,22,2,1.0,ECHEVERRIA IZQUIERDO INMOBILIARIA PERU,4,28,CORPAC,Lima Top
CANAVAL 185,1.0,Edificio de departamentos,11299,800,476100.0,10350.0,32,1,1.0,ECHEVERRIA IZQUIERDO INMOBILIARIA PERU,4,28,CORPAC,Lima Top
CANAVAL 185,1.0,Edificio de departamentos,11299,800,0.0,0.0,1,0,1.0,ECHEVERRIA IZQUIERDO INMOBILIARIA PERU,4,28,CORPAC,Lima Top
CANAVAL 185,1.0,Edificio de departamentos,11299,800,673900.0,11231.7,29,2,1.0,ECHEVERRIA IZQUIERDO INMOBILIARIA PERU,4,28,CORPAC,Lima Top
CANAVAL 185,1.0,Edificio de departamentos,11299,800,64000.0,4571.43,69,0,1.0,ECHEVERRIA IZQUIERDO INMOBILIARIA PERU,4,28,CORPAC,Lima Top
CANAVAL 185,1.0,Edificio de departamentos,11299,800,689900.0,11309.8,29,2,1.0,ECHEVERRIA IZQUIERDO INMOBILIARIA PERU,4,28,CORPAC,Lima Top
CANAVAL 185,1.0,Edificio de departamentos,11299,800,10000.0,3333.33,25,0,1.0,ECHEVERRIA IZQUIERDO INMOBILIARIA PERU,4,28,CORPAC,Lima Top
CASA DEL PARQUE ,1.0,Edificio de departamentos,2820,385,1856300.0,8715.0,1,3,0.15,GRUPO CONSTRUCTOR EN CRECIMIENTO SAC,4,7,,Lima Top
CASA DEL PARQUE ,1.0,Edificio de departamentos,2820,385,1466420.0,8780.96,1,2,0.15,GRUPO CONSTRUCTOR EN CRECIMIENTO SAC,4,7,,Lima Top
CASA DEL PARQUE ,1.0,Edificio de departamentos,2820,385,1317800.0,8340.53,5,3,0.15,GRUPO CONSTRUCTOR EN CRECIMIENTO SAC,4,7,,Lima Top
CASA DEL PARQUE ,1.0,Edificio de departamentos,2820,385,1093690.0,8413.0,5,2,0.15,GRUPO CONSTRUCTOR EN CRECIMIENTO SAC,4,7,,Lima Top
CASA DEL PARQUE ,1.0,Edificio de departamentos,2820,385,2505690.0,8297.0,1,3,0.15,GRUPO CONSTRUCTOR EN CRECIMIENTO SAC,4,7,,Lima Top
CASA DEL PARQUE ,1.0,Edificio de departamentos,2820,385,2124220.0,8531.0,1,3,0.15,GRUPO CONSTRUCTOR EN CRECIMIENTO SAC,4,7,,Lima Top
CASA DEL PARQUE ,1.0,Edificio de departamentos,2820,385,50000.0,3333.33,14,0,0.15,GRUPO CONSTRUCTOR EN CRECIMIENTO SAC,4,7,,Lima Top
CENTRAL SITE,1.0,Edificio de departamentos,3330,350,602700.0,8610.0,9,2,0.92,MADRID INGENIEROS SAC,4,11,,Lima Top
CENTRAL SITE,1.0,Edificio de departamentos,3330,350,753000.0,8858.82,10,3,0.92,MADRID INGENIEROS SAC,4,11,,Lima Top
CENTRAL SITE,1.0,Edificio de departamentos,3330,350,55000.0,3928.57,35,0,0.92,MADRID INGENIEROS SAC,4,11,,Lima Top
CENTRAL SITE,1.0,Edificio de departamentos,3330,350,10000.0,3333.33,13,0,0.92,MADRID INGENIEROS SAC,4,11,,Lima Top
CENTRAL SITE,1.0,Edificio de departamentos,3330,350,0.0,0.0,1,0,0.92,MADRID INGENIEROS SAC,4,11,,Lima Top
CENTRAL SITE,1.0,Edificio de departamentos,3330,350,988000.0,6675.68,1,2,0.92,MADRID INGENIEROS SAC,4,11,,Lima Top
CENTRAL SITE,1.0,Edificio de departamentos,3330,350,1517110.0,7943.0,1,3,0.92,MADRID INGENIEROS SAC,4,11,,Lima Top
CENTRAL SITE,1.0,Edificio de departamentos,3330,350,796544.0,8128.0,10,3,0.92,MADRID INGENIEROS SAC,4,11,,Lima Top
CENTRIC BARRIO DOS DE MAYO,1.0,Edificio de departamentos,7564,588,0.0,0.0,1,0,1.0,DESARROLLO INMOBILIARIOS COMAR,4,17,,Lima Top
CENTRIC BARRIO DOS DE MAYO,1.0,Edificio de departamentos,7564,588,469000.0,8685.19,18,2,1.0,DESARROLLO INMOBILIARIOS COMAR,4,17,,Lima Top
CENTRIC BARRIO DOS DE MAYO,1.0,Edificio de departamentos,7564,588,526000.0,9228.07,19,2,1.0,DESARROLLO INMOBILIARIOS COMAR,4,17,,Lima Top
CENTRIC BARRIO DOS DE MAYO,1.0,Edificio de departamentos,7564,588,555100.0,9100.0,37,3,1.0,DESARROLLO INMOBILIARIOS COMAR,4,17,,Lima Top
CENTRIC BARRIO DOS DE MAYO,1.0,Edificio de departamentos,7564,588,372440.0,9311.0,38,1,1.0,DESARROLLO INMOBILIARIOS COMAR,4,17,,Lima Top
CENTRIC BARRIO DOS DE MAYO,1.0,Edificio de departamentos,7564,588,50000.0,3571.43,79,0,1.0,DESARROLLO INMOBILIARIOS COMAR,4,17,,Lima Top
CENTRIC BARRIO DOS DE MAYO,1.0,Edificio de departamentos,7564,588,15000.0,5000.0,16,0,1.0,DESARROLLO INMOBILIARIOS COMAR,4,17,,Lima Top
CONCEPTO HIGH LIVING,1.0,Edificio de departamentos,17748,1020,1130500.0,10467.6,26,2,1.0,INVERSIONES INMOBILIARIAS DEL PERU SA,4,15,,Lima Top
CONCEPTO HIGH LIVING,1.0,Edificio de departamentos,17748,1020,1430790.0,11006.1,24,3,1.0,INVERSIONES INMOBILIARIAS DEL PERU SA,4,15,,Lima Top
CONCEPTO HIGH LIVING,1.0,Edificio de departamentos,17748,1020,1387100.0,11369.7,26,3,1.0,INVERSIONES INMOBILIARIAS DEL PERU SA,4,15,,Lima Top
CONCEPTO HIGH LIVING,1.0,Edificio de departamentos,17748,1020,56000.0,3733.33,10,0,1.0,INVERSIONES INMOBILIARIAS DEL PERU SA,4,15,,Lima Top
CONCEPTO HIGH LIVING,1.0,Edificio de departamentos,17748,1020,22000.0,4400.0,40,0,1.0,INVERSIONES INMOBILIARIAS DEL PERU SA,4,15,,Lima Top
CONCEPTO HIGH LIVING,1.0,Edificio de departamentos,17748,1020,0.0,0.0,1,0,1.0,INVERSIONES INMOBILIARIAS DEL PERU SA,4,15,,Lima Top
CONCEPTO HIGH LIVING,1.0,Edificio de departamentos,17748,1020,1757700.0,13417.6,3,3,1.0,INVERSIONES INMOBILIARIAS DEL PERU SA,4,15,,Lima Top
CONCEPTO HIGH LIVING,1.0,Edificio de departamentos,17748,1020,856700.0,9847.13,1,2,1.0,INVERSIONES INMOBILIARIAS DEL PERU SA,4,15,,Lima Top
DOM,1.0,Edificio de departamentos,6720,270,0.0,0.0,1,0,0.62,MAGBIS CONSTRUCCIONES SAC,4,21,,Lima Top
DOM,1.0,Edificio de departamentos,6720,270,50000.0,4166.67,50,0,0.62,MAGBIS CONSTRUCCIONES SAC,4,21,,Lima Top
DOM,1.0,Edificio de departamentos,6720,270,534000.0,8090.91,15,2,0.62,MAGBIS CONSTRUCCIONES SAC,4,21,,Lima Top
DOM,1.0,Edificio de departamentos,6720,270,308370.0,8115.0,20,1,0.62,MAGBIS CONSTRUCCIONES SAC,4,21,,Lima Top
DOM,1.0,Edificio de departamentos,6720,270,408816.0,8016.0,20,1,0.62,MAGBIS CONSTRUCCIONES SAC,4,21,,Lima Top
DOM,1.0,Edificio de departamentos,6720,270,460000.0,8070.18,15,1,0.62,MAGBIS CONSTRUCCIONES SAC,4,21,,Lima Top
DOM,1.0,Edificio de departamentos,6720,270,555000.0,8671.88,16,2,0.62,MAGBIS CONSTRUCCIONES SAC,4,21,,Lima Top
DOM,1.0,Edificio de departamentos,6720,270,353980.0,8045.0,18,1,0.62,MAGBIS CONSTRUCCIONES SAC,4,21,,Lima Top
DOS 60,1.0,Edificio de departamentos,2418,450,11000.0,3666.67,4,0,1.0,CONSTRUCTORA INARCO PERU SAC,4,5,,Lima Top
DOS 60,1.0,Edificio de departamentos,2418,450,0.0,0.0,1,0,1.0,CONSTRUCTORA INARCO PERU SAC,4,5,,Lima Top
DOS 60,1.0,Edificio de departamentos,2418,450,965058.0,8540.34,1,1,1.0,CONSTRUCTORA INARCO PERU SAC,4,5,,Lima Top
DOS 60,1.0,Edificio de departamentos,2418,450,920000.0,10952.4,12,2,1.0,CONSTRUCTORA INARCO PERU SAC,4,5,,Lima Top
DOS 60,1.0,Edificio de departamentos,2418,450,50595.0,2976.18,2,0,1.0,CONSTRUCTORA INARCO PERU SAC,4,5,,Lima Top
DOS 60,1.0,Edificio de departamentos,2418,450,1062500.0,6640.59,3,2,1.0,CONSTRUCTORA INARCO PERU SAC,4,5,,Lima Top
DOS 60,1.0,Edificio de departamentos,2418,450,1394960.0,7664.62,3,2,1.0,CONSTRUCTORA INARCO PERU SAC,4,5,,Lima Top
DOS 60,1.0,Edificio de departamentos,2418,450,910250.0,8350.92,1,1,1.0,CONSTRUCTORA INARCO PERU SAC,4,5,,Lima Top
DOS DE MAYO 385,1.0,Edificio de departamentos,6000,500,1234770.0,9957.81,4,2,1.0,ARBRA OBRAS 1 SAC,4,8,,Lima Top
DOS DE MAYO 385,1.0,Edificio de departamentos,6000,500,83600.0,4180.0,46,0,1.0,ARBRA OBRAS 1 SAC,4,8,,Lima Top
DOS DE MAYO 385,1.0,Edificio de departamentos,6000,500,1200000.0,9160.31,3,3,1.0,ARBRA OBRAS 1 SAC,4,8,,Lima Top
DOS DE MAYO 385,1.0,Edificio de departamentos,6000,500,1375570.0,10421.0,3,3,1.0,ARBRA OBRAS 1 SAC,4,8,,Lima Top
DOS DE MAYO 385,1.0,Edificio de departamentos,6000,500,1167870.0,8983.62,4,3,1.0,ARBRA OBRAS 1 SAC,4,8,,Lima Top
DOS DE MAYO 385,1.0,Edificio de departamentos,6000,500,980000.0,8032.79,3,2,1.0,ARBRA OBRAS 1 SAC,4,8,,Lima Top
DOS DE MAYO 385,1.0,Edificio de departamentos,6000,500,1602420.0,7893.7,3,2,1.0,ARBRA OBRAS 1 SAC,4,8,,Lima Top
DOS DE MAYO 385,1.0,Edificio de departamentos,6000,500,1280000.0,9142.86,3,3,1.0,ARBRA OBRAS 1 SAC,4,8,,Lima Top
ECO STYLE,1.0,Edificio de departamentos,13000,891,800163.0,8793.0,24,3,1.0,FUNDAMENTA GESTION PERU SAC,4,20,EL COUNTRY,Lima Top
ECO STYLE,1.0,Edificio de departamentos,13000,891,60079.0,4005.27,40,0,1.0,FUNDAMENTA GESTION PERU SAC,4,20,EL COUNTRY,Lima Top
ECO STYLE,1.0,Edificio de departamentos,13000,891,0.0,0.0,1,0,1.0,FUNDAMENTA GESTION PERU SAC,4,20,EL COUNTRY,Lima Top
ECO STYLE,1.0,Edificio de departamentos,13000,891,780825.0,8975.0,29,3,1.0,FUNDAMENTA GESTION PERU SAC,4,20,EL COUNTRY,Lima Top
ECO STYLE,1.0,Edificio de departamentos,13000,891,631025.0,8887.68,30,3,1.0,FUNDAMENTA GESTION PERU SAC,4,20,EL COUNTRY,Lima Top
ECO STYLE,1.0,Edificio de departamentos,13000,891,531000.0,9000.0,15,3,1.0,FUNDAMENTA GESTION PERU SAC,4,20,EL COUNTRY,Lima Top
ECO STYLE,1.0,Edificio de departamentos,13000,891,472230.0,8910.0,12,2,1.0,FUNDAMENTA GESTION PERU SAC,4,20,EL COUNTRY,Lima Top
ECO STYLE,1.0,Edificio de departamentos,13000,891,1435360.0,8971.0,4,2,1.0,FUNDAMENTA GESTION PERU SAC,4,20,EL COUNTRY,Lima Top
ECO STYLE,1.0,Edificio de departamentos,13000,891,59525.0,4578.85,80,0,1.0,FUNDAMENTA GESTION PERU SAC,4,20,EL COUNTRY,Lima Top
EL MIRADOR III,1.0,Edificio de departamentos,2567,350,1330560.0,8316.0,5,3,1.0,INVERSIONES PUNTA CARRETAS SAC,4,7,CORPAC,Lima Top
EL MIRADOR III,1.0,Edificio de departamentos,2567,350,1527360.0,7006.24,2,3,1.0,INVERSIONES PUNTA CARRETAS SAC,4,7,CORPAC,Lima Top
EL MIRADOR III,1.0,Edificio de departamentos,2567,350,826000.0,9177.78,6,3,1.0,INVERSIONES PUNTA CARRETAS SAC,4,7,CORPAC,Lima Top
EL MIRADOR III,1.0,Edificio de departamentos,2567,350,927575.0,7729.79,2,2,1.0,INVERSIONES PUNTA CARRETAS SAC,4,7,CORPAC,Lima Top
ELEGANZA,1.0,Edificio de departamentos,2020,256,1060000.0,8480.0,4,3,1.0,MAHPSA CORPORACION INMOBILIARIA SAC,4,8,,Lima Top
ELEGANZA,1.0,Edificio de departamentos,2020,256,17000.0,5666.67,12,0,1.0,MAHPSA CORPORACION INMOBILIARIA SAC,4,8,,Lima Top
ELEGANZA,1.0,Edificio de departamentos,2020,256,53000.0,4076.92,8,0,1.0,MAHPSA CORPORACION INMOBILIARIA SAC,4,8,,Lima Top
ELEGANZA,1.0,Edificio de departamentos,2020,256,1732830.0,9735.0,1,3,1.0,MAHPSA CORPORACION INMOBILIARIA SAC,4,8,,Lima Top
ELEGANZA,1.0,Edificio de departamentos,2020,256,827200.0,9400.0,4,1,1.0,MAHPSA CORPORACION INMOBILIARIA SAC,4,8,,Lima Top
ELEGANZA,1.0,Edificio de departamentos,2020,256,1060000.0,8688.52,1,3,1.0,MAHPSA CORPORACION INMOBILIARIA SAC,4,8,,Lima Top
ELEGANZA,1.0,Edificio de departamentos,2020,256,1100000.0,9401.71,5,3,1.0,MAHPSA CORPORACION INMOBILIARIA SAC,4,8,,Lima Top
ELEGANZA,1.0,Edificio de departamentos,2020,256,704000.0,9915.49,1,1,1.0,MAHPSA CORPORACION INMOBILIARIA SAC,4,8,,Lima Top
ELEGANZA,1.0,Edificio de departamentos,2020,256,1060000.0,8412.7,2,3,1.0,MAHPSA CORPORACION INMOBILIARIA SAC,4,8,,Lima Top
ELEGANZA,1.0,Edificio de departamentos,2020,256,980457.0,9519.0,1,2,1.0,MAHPSA CORPORACION INMOBILIARIA SAC,4,8,,Lima Top
ELEGANZA,1.0,Edificio de departamentos,2020,256,64000.0,4000.0,16,0,1.0,MAHPSA CORPORACION INMOBILIARIA SAC,4,8,,Lima Top
EMPIRE,1.0,Edificio de departamentos,5670,600,1590780.0,26078.4,6,3,0.0,REDBAY DEL PERU SAC,4,8,EL OLIVAR,Lima Top
EMPIRE,1.0,Edificio de departamentos,5670,600,4035500.0,25868.6,1,3,0.0,REDBAY DEL PERU SAC,4,8,EL OLIVAR,Lima Top
EMPIRE,1.0,Edificio de departamentos,5670,600,75000.0,5769.23,50,0,0.0,REDBAY DEL PERU SAC,4,8,EL OLIVAR,Lima Top
EMPIRE,1.0,Edificio de departamentos,5670,600,3114150.0,26169.3,4,3,0.0,REDBAY DEL PERU SAC,4,8,EL OLIVAR,Lima Top
EMPIRE,1.0,Edificio de departamentos,5670,600,541900.0,12042.2,7,1,0.0,REDBAY DEL PERU SAC,4,8,EL OLIVAR,Lima Top
EMPIRE,1.0,Edificio de departamentos,5670,600,1450500.0,22315.4,12,3,0.0,REDBAY DEL PERU SAC,4,8,EL OLIVAR,Lima Top
EMPIRE,1.0,Edificio de departamentos,5670,600,880524.0,20964.9,12,1,0.0,REDBAY DEL PERU SAC,4,8,EL OLIVAR,Lima Top
EMPIRE,1.0,Edificio de departamentos,5670,600,555090.0,13877.2,34,1,0.0,REDBAY DEL PERU SAC,4,8,EL OLIVAR,Lima Top
EMPIRE,1.0,Edificio de departamentos,5670,600,1454620.0,20203.1,6,2,0.0,REDBAY DEL PERU SAC,4,8,EL OLIVAR,Lima Top
EMPIRE,1.0,Edificio de departamentos,5670,600,1215260.0,14467.4,2,2,0.0,REDBAY DEL PERU SAC,4,8,EL OLIVAR,Lima Top
ETERNA,1.0,Edificio de departamentos,2160,249,1926100.0,12671.7,1,2,15.0,ESCALA ARQUITECTURA SA,4,10,,Lima Top
ETERNA,1.0,Edificio de departamentos,2160,249,2714040.0,10643.3,1,3,15.0,ESCALA ARQUITECTURA SA,4,10,,Lima Top
ETERNA,1.0,Edificio de departamentos,2160,249,1742760.0,11855.5,3,3,15.0,ESCALA ARQUITECTURA SA,4,10,,Lima Top
ETERNA,1.0,Edificio de departamentos,2160,249,1639350.0,11879.3,3,3,15.0,ESCALA ARQUITECTURA SA,4,10,,Lima Top
ETERNA,1.0,Edificio de departamentos,2160,249,875294.0,10941.2,2,1,15.0,ESCALA ARQUITECTURA SA,4,10,,Lima Top
ETERNA,1.0,Edificio de departamentos,2160,249,1466680.0,11458.4,5,3,15.0,ESCALA ARQUITECTURA SA,4,10,,Lima Top
EUCALIPTOS 385,1.0,Edificio de departamentos,7447,360,2179610.0,10379.1,9,3,1.0,ESPARQ CONSTRUCCION SAC,4,12,COUNTRY CLUB,Lima Top
EUCALIPTOS 385,1.0,Edificio de departamentos,7447,360,1548600.0,10121.6,2,2,1.0,ESPARQ CONSTRUCCION SAC,4,12,COUNTRY CLUB,Lima Top
EUCALIPTOS 385,1.0,Edificio de departamentos,7447,360,1315290.0,12178.6,2,2,1.0,ESPARQ CONSTRUCCION SAC,4,12,COUNTRY CLUB,Lima Top
EUCALIPTOS 385,1.0,Edificio de departamentos,7447,360,60000.0,4000.0,9,0,1.0,ESPARQ CONSTRUCCION SAC,4,12,COUNTRY CLUB,Lima Top
EUCALIPTOS 385,1.0,Edificio de departamentos,7447,360,2273160.0,10622.3,9,3,1.0,ESPARQ CONSTRUCCION SAC,4,12,COUNTRY CLUB,Lima Top
EUCALIPTOS 385,1.0,Edificio de departamentos,7447,360,2071490.0,10007.2,25,3,1.0,ESPARQ CONSTRUCCION SAC,4,12,COUNTRY CLUB,Lima Top
GEMMA,,Edificio de departamentos,2204,1296,1387320.0,5616.69,4,3,0.55,KS RETAIL SAC,4,3,,Lima Top
GEMMA,,Edificio de departamentos,2204,1296,1641140.0,6078.31,4,3,0.55,KS RETAIL SAC,4,3,,Lima Top
GOLONDRINAS,,Edificio de departamentos,1400,280,58582.0,4506.31,18,0,0.6,VMG PROJECT SAC,4,5,,Lima Top
GOLONDRINAS,,Edificio de departamentos,1400,280,608925.0,8825.0,4,2,0.6,VMG PROJECT SAC,4,5,,Lima Top
GOLONDRINAS,,Edificio de departamentos,1400,280,647145.0,8865.0,4,2,0.6,VMG PROJECT SAC,4,5,,Lima Top
GOLONDRINAS,,Edificio de departamentos,1400,280,1197240.0,7300.24,1,3,0.6,VMG PROJECT SAC,4,5,,Lima Top
GOLONDRINAS,,Edificio de departamentos,1400,280,1270000.0,8410.6,2,3,0.6,VMG PROJECT SAC,4,5,,Lima Top
GOLONDRINAS,,Edificio de departamentos,1400,280,790000.0,8586.96,1,2,0.6,VMG PROJECT SAC,4,5,,Lima Top
GOLONDRINAS,,Edificio de departamentos,1400,280,770000.0,8555.56,1,2,0.6,VMG PROJECT SAC,4,5,,Lima Top
INARA,1.0,Edificio de departamentos,4080,340,1997190.0,8498.68,1,2,0.74,CHABRIER PROYECTOS SAC,4,9,,Lima Top
INARA,1.0,Edificio de departamentos,4080,340,924516.0,9630.38,1,1,0.74,CHABRIER PROYECTOS SAC,4,9,,Lima Top
INARA,1.0,Edificio de departamentos,4080,340,1825200.0,8296.36,1,3,0.74,CHABRIER PROYECTOS SAC,4,9,,Lima Top
INARA,1.0,Edificio de departamentos,4080,340,1612160.0,9427.81,6,3,0.74,CHABRIER PROYECTOS SAC,4,9,,Lima Top
INARA,1.0,Edificio de departamentos,4080,340,1665890.0,9519.39,1,3,0.74,CHABRIER PROYECTOS SAC,4,9,,Lima Top
INARA,1.0,Edificio de departamentos,4080,340,1513910.0,7967.94,1,3,0.74,CHABRIER PROYECTOS SAC,4,9,,Lima Top
INARA,1.0,Edificio de departamentos,4080,340,1116490.0,9304.1,7,2,0.74,CHABRIER PROYECTOS SAC,4,9,,Lima Top
INARA,1.0,Edificio de departamentos,4080,340,1665480.0,9409.47,2,3,0.74,CHABRIER PROYECTOS SAC,4,9,,Lima Top
INARA,1.0,Edificio de departamentos,4080,340,2010810.0,8378.37,1,3,0.74,CHABRIER PROYECTOS SAC,4,9,,Lima Top
INARA,1.0,Edificio de departamentos,4080,340,1548280.0,7069.75,1,3,0.74,CHABRIER PROYECTOS SAC,4,9,,Lima Top
INFINITE,1.0,Edificio de departamentos,9190,282,449747.0,7890.3,2,1,0.1,MW GRUPO INMOBILIARIO SAC,4,0,,Lima Top
INFINITE,1.0,Edificio de departamentos,9190,282,287927.0,8997.72,10,1,0.1,MW GRUPO INMOBILIARIO SAC,4,0,,Lima Top
INFINITE,1.0,Edificio de departamentos,9190,282,484793.0,8657.02,22,2,0.1,MW GRUPO INMOBILIARIO SAC,4,0,,Lima Top
INFINITE,1.0,Edificio de departamentos,9190,282,499237.0,8758.54,22,2,0.1,MW GRUPO INMOBILIARIO SAC,4,0,,Lima Top
INFINITE,1.0,Edificio de departamentos,9190,282,485028.0,7951.28,22,2,0.1,MW GRUPO INMOBILIARIO SAC,4,0,,Lima Top
INFINITE,1.0,Edificio de departamentos,9190,282,510160.0,7614.33,22,2,0.1,MW GRUPO INMOBILIARIO SAC,4,0,,Lima Top
INFINITE,1.0,Edificio de departamentos,9190,282,403050.0,7463.89,5,1,0.1,MW GRUPO INMOBILIARIO SAC,4,0,,Lima Top
INFINITE,1.0,Edificio de departamentos,9190,282,14800.0,2960.0,25,0,0.1,MW GRUPO INMOBILIARIO SAC,4,0,,Lima Top
INFINITE,1.0,Edificio de departamentos,9190,282,0.0,0.0,1,0,0.1,MW GRUPO INMOBILIARIO SAC,4,0,,Lima Top
INFINITE,1.0,Edificio de departamentos,9190,282,349600.0,7945.45,22,1,0.1,MW GRUPO INMOBILIARIO SAC,4,0,,Lima Top
INFINITE,1.0,Edificio de departamentos,9190,282,55000.0,4230.77,100,0,0.1,MW GRUPO INMOBILIARIO SAC,4,0,,Lima Top
INFINITE,1.0,Edificio de departamentos,9190,282,507300.0,8316.39,3,1,0.1,MW GRUPO INMOBILIARIO SAC,4,0,,Lima Top
INSIGHT,1.0,Edificio de departamentos,3390,340,477576.0,8378.53,9,2,0.9,CONFORTA GRUPO INMOBILIARIO SAC,4,8,,Lima Top
INSIGHT,1.0,Edificio de departamentos,3390,340,385632.0,9640.8,9,1,0.9,CONFORTA GRUPO INMOBILIARIO SAC,4,8,,Lima Top
INSIGHT,1.0,Edificio de departamentos,3390,340,430776.0,8615.52,10,2,0.9,CONFORTA GRUPO INMOBILIARIO SAC,4,8,,Lima Top
INSIGHT,1.0,Edificio de departamentos,3390,340,846144.0,7422.32,4,3,0.9,CONFORTA GRUPO INMOBILIARIO SAC,4,8,,Lima Top
INSIGHT,1.0,Edificio de departamentos,3390,340,68000.0,4533.33,40,0,0.9,CONFORTA GRUPO INMOBILIARIO SAC,4,8,,Lima Top
INSIGHT,1.0,Edificio de departamentos,3390,340,0.0,0.0,1,0,0.9,CONFORTA GRUPO INMOBILIARIO SAC,4,8,,Lima Top
INSIGHT,1.0,Edificio de departamentos,3390,340,535392.0,8498.29,8,3,0.9,CONFORTA GRUPO INMOBILIARIO SAC,4,8,,Lima Top
INSIGHT,1.0,Edificio de departamentos,3390,340,352000.0,12137.9,9,1,0.9,CONFORTA GRUPO INMOBILIARIO SAC,4,8,,Lima Top
JOY,,Edificio de departamentos,6320,386,531408.0,11071.0,14,1,0.04,INVERSIONES EN INMUEBLES LIMA SAC,4,15,,Lima Top
JOY,,Edificio de departamentos,6320,386,651060.0,10851.0,14,2,0.04,INVERSIONES EN INMUEBLES LIMA SAC,4,15,,Lima Top
JOY,,Edificio de departamentos,6320,386,620000.0,11071.4,15,2,0.04,INVERSIONES EN INMUEBLES LIMA SAC,4,15,,Lima Top
JOY,,Edificio de departamentos,6320,386,870000.0,10740.7,15,3,0.04,INVERSIONES EN INMUEBLES LIMA SAC,4,15,,Lima Top
JOY,,Edificio de departamentos,6320,386,737868.0,10851.0,14,2,0.04,INVERSIONES EN INMUEBLES LIMA SAC,4,15,,Lima Top
JOY,,Edificio de departamentos,6320,386,70000.0,4666.67,82,0,0.04,INVERSIONES EN INMUEBLES LIMA SAC,4,15,,Lima Top
LA FUENTE 281,1.0,Edificio de departamentos,1830,680,1654340.0,8030.78,1,3,1.0,TALE CONSTRUCTORA SAC,4,4,,Lima Top
LA FUENTE 281,1.0,Edificio de departamentos,1830,680,947485.0,11415.5,1,1,1.0,TALE CONSTRUCTORA SAC,4,4,,Lima Top
LA FUENTE 281,1.0,Edificio de departamentos,1830,680,966210.0,11235.0,1,1,1.0,TALE CONSTRUCTORA SAC,4,4,,Lima Top
LA FUENTE 281,1.0,Edificio de departamentos,1830,680,1209270.0,10515.4,1,2,1.0,TALE CONSTRUCTORA SAC,4,4,,Lima Top
LA FUENTE 281,1.0,Edificio de departamentos,1830,680,1294480.0,9806.67,2,3,1.0,TALE CONSTRUCTORA SAC,4,4,,Lima Top
LA FUENTE 281,1.0,Edificio de departamentos,1830,680,1353390.0,10410.7,1,3,1.0,TALE CONSTRUCTORA SAC,4,4,,Lima Top
LA FUENTE 281,1.0,Edificio de departamentos,1830,680,1353380.0,8731.45,2,2,1.0,TALE CONSTRUCTORA SAC,4,4,,Lima Top
LA FUENTE 281,1.0,Edificio de departamentos,1830,680,1481890.0,9379.03,1,3,1.0,TALE CONSTRUCTORA SAC,4,4,,Lima Top
LA FUENTE 281,1.0,Edificio de departamentos,1830,680,1758720.0,8142.22,1,1,1.0,TALE CONSTRUCTORA SAC,4,4,,Lima Top
LA FUENTE 281,1.0,Edificio de departamentos,1830,680,1339650.0,8168.6,1,3,1.0,TALE CONSTRUCTORA SAC,4,4,,Lima Top
LA FUENTE 281,1.0,Edificio de departamentos,1830,680,1646440.0,8400.21,2,3,1.0,TALE CONSTRUCTORA SAC,4,4,,Lima Top
LA FUENTE 281,1.0,Edificio de departamentos,1830,680,60750.0,4339.29,2,0,1.0,TALE CONSTRUCTORA SAC,4,4,,Lima Top
LANTANA RESIDENCIAL PARK,,Edificio de departamentos,3430,340,1107480.0,9800.75,5,3,0.92,INVERSIONES BETZOLAS SAC,4,8,,Lima Top
LANTANA RESIDENCIAL PARK,,Edificio de departamentos,3430,340,925440.0,9845.11,9,2,0.92,INVERSIONES BETZOLAS SAC,4,8,,Lima Top
LANTANA RESIDENCIAL PARK,,Edificio de departamentos,3430,340,692889.0,9759.0,10,1,0.92,INVERSIONES BETZOLAS SAC,4,8,,Lima Top
LANTANA RESIDENCIAL PARK,,Edificio de departamentos,3430,340,63750.0,4903.85,17,0,0.92,INVERSIONES BETZOLAS SAC,4,8,,Lima Top
LANTANA RESIDENCIAL PARK,,Edificio de departamentos,3430,340,1503740.0,6683.3,4,3,0.92,INVERSIONES BETZOLAS SAC,4,8,,Lima Top
LANTANA RESIDENCIAL PARK,,Edificio de departamentos,3430,340,1233780.0,9346.83,2,2,0.92,INVERSIONES BETZOLAS SAC,4,8,,Lima Top
LAS GARZAS RESIDENCIAL,1.0,Edificio de departamentos,1300,260,797011.0,6427.51,2,1,1.0,PROMOTORA DICON SAC,4,5,,Lima Top
LAS GARZAS RESIDENCIAL,1.0,Edificio de departamentos,1300,260,934048.0,8193.4,2,2,1.0,PROMOTORA DICON SAC,4,5,,Lima Top
LAS GARZAS RESIDENCIAL,1.0,Edificio de departamentos,1300,260,52410.0,4031.54,8,0,1.0,PROMOTORA DICON SAC,4,5,,Lima Top
LAS GARZAS RESIDENCIAL,1.0,Edificio de departamentos,1300,260,1454220.0,6670.74,2,2,1.0,PROMOTORA DICON SAC,4,5,,Lima Top
LAS GARZAS RESIDENCIAL,1.0,Edificio de departamentos,1300,260,1016510.0,8995.65,2,3,1.0,PROMOTORA DICON SAC,4,5,,Lima Top
LAS GARZAS RESIDENCIAL,1.0,Edificio de departamentos,1300,260,1051320.0,9222.15,2,3,1.0,PROMOTORA DICON SAC,4,5,,Lima Top
LIF PEZET,1.0,Edificio de departamentos,7323,380,0.0,0.0,1,0,1.0,MANT. CONST. Y PROYECTOS GENERALES SAC,4,15,,Lima Top
LIF PEZET,1.0,Edificio de departamentos,7323,380,1927080.0,10765.8,8,2,1.0,MANT. CONST. Y PROYECTOS GENERALES SAC,4,15,,Lima Top
LIF PEZET,1.0,Edificio de departamentos,7323,380,2472480.0,11187.7,6,3,1.0,MANT. CONST. Y PROYECTOS GENERALES SAC,4,15,,Lima Top
LIF PEZET,1.0,Edificio de departamentos,7323,380,2981120.0,12473.3,7,3,1.0,MANT. CONST. Y PROYECTOS GENERALES SAC,4,15,,Lima Top
LIF PEZET,1.0,Edificio de departamentos,7323,380,3847440.0,12175.4,4,3,1.0,MANT. CONST. Y PROYECTOS GENERALES SAC,4,15,,Lima Top
LIF PEZET,1.0,Edificio de departamentos,7323,380,62000.0,4133.33,28,0,1.0,MANT. CONST. Y PROYECTOS GENERALES SAC,4,15,,Lima Top
LIF PEZET,1.0,Edificio de departamentos,7323,380,12000.0,4000.0,35,0,1.0,MANT. CONST. Y PROYECTOS GENERALES SAC,4,15,,Lima Top
LIVORNO,1.0,Edificio de departamentos,4302,508,568992.0,9031.62,8,2,1.0,PROYECTOS URBAESPACIOS,4,8,,Lima Top
LIVORNO,1.0,Edificio de departamentos,4302,508,957823.0,7482.99,1,2,1.0,PROYECTOS URBAESPACIOS,4,8,,Lima Top
LIVORNO,1.0,Edificio de departamentos,4302,508,65000.0,5000.0,28,0,1.0,PROYECTOS URBAESPACIOS,4,8,,Lima Top
LIVORNO,1.0,Edificio de departamentos,4302,508,1032000.0,7644.44,4,3,1.0,PROYECTOS URBAESPACIOS,4,8,,Lima Top
LIVORNO,1.0,Edificio de departamentos,4302,508,495015.0,9339.91,12,2,1.0,PROYECTOS URBAESPACIOS,4,8,,Lima Top
LIVORNO,1.0,Edificio de departamentos,4302,508,637578.0,8280.23,1,2,1.0,PROYECTOS URBAESPACIOS,4,8,,Lima Top
LIVORNO,1.0,Edificio de departamentos,4302,508,785000.0,10608.1,8,3,1.0,PROYECTOS URBAESPACIOS,4,8,,Lima Top
LIVORNO,1.0,Edificio de departamentos,4302,508,1100000.0,7482.99,4,2,1.0,PROYECTOS URBAESPACIOS,4,8,,Lima Top
LOS LAURELES 495,1.0,Edificio de departamentos,2600,520,1936720.0,11737.7,3,3,1.0,J. PEZO Y CIA. S.A.,4,5,COUNTRY CLUB,Lima Top
LOS LAURELES 495,1.0,Edificio de departamentos,2600,520,2728290.0,13641.5,3,3,1.0,J. PEZO Y CIA. S.A.,4,5,COUNTRY CLUB,Lima Top
LOS LAURELES 495,1.0,Edificio de departamentos,2600,520,59245.0,3949.67,10,0,1.0,J. PEZO Y CIA. S.A.,4,5,COUNTRY CLUB,Lima Top
LOS LAURELES 495,1.0,Edificio de departamentos,2600,520,2104940.0,11137.2,2,3,1.0,J. PEZO Y CIA. S.A.,4,5,COUNTRY CLUB,Lima Top
LOS LAURELES 495,1.0,Edificio de departamentos,2600,520,66665.0,3508.68,11,0,1.0,J. PEZO Y CIA. S.A.,4,5,COUNTRY CLUB,Lima Top
LOS LAURELES 495,1.0,Edificio de departamentos,2600,520,31231.0,3470.11,6,0,1.0,J. PEZO Y CIA. S.A.,4,5,COUNTRY CLUB,Lima Top
LOS LAURELES 495,1.0,Edificio de departamentos,2600,520,45953.0,3534.85,5,0,1.0,J. PEZO Y CIA. S.A.,4,5,COUNTRY CLUB,Lima Top
LOS LAURELES 495,1.0,Edificio de departamentos,2600,520,1751030.0,12331.2,2,2,1.0,J. PEZO Y CIA. S.A.,4,5,COUNTRY CLUB,Lima Top
LOS PINOS,1.0,Edificio de departamentos,15501,1716,716900.0,7626.6,25,2,1.0,V & V BRAVO S.A.C.,4,9,,Lima Top
LOS PINOS,1.0,Edificio de departamentos,15501,1716,0.0,0.0,1,0,1.0,V & V BRAVO S.A.C.,4,9,,Lima Top
LOS PINOS,1.0,Edificio de departamentos,15501,1716,80000.0,5714.29,125,0,1.0,V & V BRAVO S.A.C.,4,9,,Lima Top
LOS PINOS,1.0,Edificio de departamentos,15501,1716,791000.0,11140.8,1,1,1.0,V & V BRAVO S.A.C.,4,9,,Lima Top
LOS PINOS,1.0,Edificio de departamentos,15501,1716,625200.0,13893.3,25,1,1.0,V & V BRAVO S.A.C.,4,9,,Lima Top
LOS PINOS,1.0,Edificio de departamentos,15501,1716,570600.0,11412.0,50,2,1.0,V & V BRAVO S.A.C.,4,9,,Lima Top
LOS PINOS,1.0,Edificio de departamentos,15501,1716,752730.0,10909.1,25,2,1.0,V & V BRAVO S.A.C.,4,9,,Lima Top
LOS PINOS,1.0,Edificio de departamentos,15501,1716,642600.0,6693.75,25,1,1.0,V & V BRAVO S.A.C.,4,9,,Lima Top
LOS PINOS,1.0,Edificio de departamentos,15501,1716,1001140.0,12672.7,19,2,1.0,V & V BRAVO S.A.C.,4,9,,Lima Top
LOS TUCANES,1.0,Edificio de departamentos,4020,804,1962230.0,8108.39,1,4,0.0,ROS&AM SAC,4,8,,Lima Top
LOS TUCANES,1.0,Edificio de departamentos,4020,804,1196610.0,9065.25,1,3,0.0,ROS&AM SAC,4,8,,Lima Top
LOS TUCANES,1.0,Edificio de departamentos,4020,804,1164180.0,9950.3,10,3,0.0,ROS&AM SAC,4,8,,Lima Top
LOS TUCANES,1.0,Edificio de departamentos,4020,804,983250.0,8550.0,2,3,0.0,ROS&AM SAC,4,8,,Lima Top
LOS TUCANES,1.0,Edificio de departamentos,4020,804,723116.0,10330.2,7,1,0.0,ROS&AM SAC,4,8,,Lima Top
LOS TUCANES,1.0,Edificio de departamentos,4020,804,923379.0,9928.81,6,2,0.0,ROS&AM SAC,4,8,,Lima Top
LOS TUCANES,1.0,Edificio de departamentos,4020,804,1600010.0,9302.39,1,3,0.0,ROS&AM SAC,4,8,,Lima Top
LOS TUCANES,1.0,Edificio de departamentos,4020,804,53952.0,4150.15,42,0,0.0,ROS&AM SAC,4,8,,Lima Top
LOS TUCANES,1.0,Edificio de departamentos,4020,804,26500.0,5300.0,15,0,0.0,ROS&AM SAC,4,8,,Lima Top
LOS TUCANES,1.0,Edificio de departamentos,4020,804,1893720.0,7729.45,1,3,0.0,ROS&AM SAC,4,8,,Lima Top
LOS TUCANES,1.0,Edificio de departamentos,4020,804,1600010.0,9411.83,1,4,0.0,ROS&AM SAC,4,8,,Lima Top
LUMA,1.0,Edificio de departamentos,1239,320,1402380.0,7420.0,1,5,1.0,INVERSIONES PSL SAC,4,4,CORPAC,Lima Top
LUMA,1.0,Edificio de departamentos,1239,320,1078560.0,4814.98,1,3,1.0,INVERSIONES PSL SAC,4,4,CORPAC,Lima Top
LUMA,1.0,Edificio de departamentos,1239,320,1051830.0,8282.13,1,2,1.0,INVERSIONES PSL SAC,4,4,CORPAC,Lima Top
LUMA,1.0,Edificio de departamentos,1239,320,1348920.0,8992.8,1,3,1.0,INVERSIONES PSL SAC,4,4,CORPAC,Lima Top
LUMA,1.0,Edificio de departamentos,1239,320,1110240.0,7501.59,1,2,1.0,INVERSIONES PSL SAC,4,4,CORPAC,Lima Top
LUMA,1.0,Edificio de departamentos,1239,320,1770360.0,6322.73,1,4,1.0,INVERSIONES PSL SAC,4,4,CORPAC,Lima Top
LUXO,1.0,Edificio de departamentos,8692,1003,79000.0,5266.67,60,0,0.83,CONSTRUCTORA COLPATRIA SAC,4,10,,Lima Top
LUXO,1.0,Edificio de departamentos,8692,1003,445000.0,12361.1,20,2,0.83,CONSTRUCTORA COLPATRIA SAC,4,10,,Lima Top
LUXO,1.0,Edificio de departamentos,8692,1003,492600.0,13313.5,20,1,0.83,CONSTRUCTORA COLPATRIA SAC,4,10,,Lima Top
LUXO,1.0,Edificio de departamentos,8692,1003,661000.0,10015.2,1,3,0.83,CONSTRUCTORA COLPATRIA SAC,4,10,,Lima Top
LUXO,1.0,Edificio de departamentos,8692,1003,522000.0,12139.5,35,1,0.83,CONSTRUCTORA COLPATRIA SAC,4,10,,Lima Top
LUXO,1.0,Edificio de departamentos,8692,1003,600000.0,11111.1,34,2,0.83,CONSTRUCTORA COLPATRIA SAC,4,10,,Lima Top
LUXO,1.0,Edificio de departamentos,8692,1003,603803.0,9148.53,3,1,0.83,CONSTRUCTORA COLPATRIA SAC,4,10,,Lima Top
MATIZ,,Edificio de departamentos,7370,1110,1384640.0,7028.65,6,3,0.0,PAZ CENTENARIO SA,4,6,,Lima Top
MATIZ,,Edificio de departamentos,7370,1110,1001000.0,9100.0,7,2,0.0,PAZ CENTENARIO SA,4,6,,Lima Top
MATIZ,,Edificio de departamentos,7370,1110,780000.0,9750.0,6,3,0.0,PAZ CENTENARIO SA,4,6,,Lima Top
MATIZ,,Edificio de departamentos,7370,1110,1171200.0,9009.23,7,2,0.0,PAZ CENTENARIO SA,4,6,,Lima Top
MATIZ,,Edificio de departamentos,7370,1110,1171170.0,9009.0,7,3,0.0,PAZ CENTENARIO SA,4,6,,Lima Top
MATIZ,,Edificio de departamentos,7370,1110,1210180.0,9031.19,7,3,0.0,PAZ CENTENARIO SA,4,6,,Lima Top
MATIZ,,Edificio de departamentos,7370,1110,1318410.0,8188.88,3,3,0.0,PAZ CENTENARIO SA,4,6,,Lima Top
MATIZ,,Edificio de departamentos,7370,1110,1881000.0,7347.66,4,3,0.0,PAZ CENTENARIO SA,4,6,,Lima Top
MATIZ,,Edificio de departamentos,7370,1110,48800.0,3753.85,41,0,0.0,PAZ CENTENARIO SA,4,6,,Lima Top
MATIZ,,Edificio de departamentos,7370,1110,1100000.0,9821.43,7,3,0.0,PAZ CENTENARIO SA,4,6,,Lima Top
MORALES 144,,Edificio de departamentos,3210,642,786380.0,9590.0,3,1,0.0,SOLUCIONES INMOBILIARIAS 144 SAC,4,5,,Lima Top
MORALES 144,,Edificio de departamentos,3210,642,2048740.0,9529.0,3,3,0.0,SOLUCIONES INMOBILIARIAS 144 SAC,4,5,,Lima Top
MORALES 144,,Edificio de departamentos,3210,642,1464700.0,9700.0,1,3,0.0,SOLUCIONES INMOBILIARIAS 144 SAC,4,5,,Lima Top
MORALES 144,,Edificio de departamentos,3210,642,1412980.0,10021.1,2,3,0.0,SOLUCIONES INMOBILIARIAS 144 SAC,4,5,,Lima Top
MORALES 144,,Edificio de departamentos,3210,642,1276700.0,9457.07,2,3,0.0,SOLUCIONES INMOBILIARIAS 144 SAC,4,5,,Lima Top
MORALES 144,,Edificio de departamentos,3210,642,126300.0,9021.44,36,0,0.0,SOLUCIONES INMOBILIARIAS 144 SAC,4,5,,Lima Top
MORALES 144,,Edificio de departamentos,3210,642,923040.0,9615.0,1,1,0.0,SOLUCIONES INMOBILIARIAS 144 SAC,4,5,,Lima Top
MORALES 144,,Edificio de departamentos,3210,642,1714070.0,9021.44,2,3,0.0,SOLUCIONES INMOBILIARIAS 144 SAC,4,5,,Lima Top
MORALES 144,,Edificio de departamentos,3210,642,1206980.0,9975.0,1,1,0.0,SOLUCIONES INMOBILIARIAS 144 SAC,4,5,,Lima Top
MORALES 144,,Edificio de departamentos,3210,642,1551270.0,9517.0,1,3,0.0,SOLUCIONES INMOBILIARIAS 144 SAC,4,5,,Lima Top
MORALES 144,,Edificio de departamentos,3210,642,1261470.0,9703.64,6,3,0.0,SOLUCIONES INMOBILIARIAS 144 SAC,4,5,,Lima Top
MORALES 144,,Edificio de departamentos,3210,642,1435300.0,9698.0,2,2,0.0,SOLUCIONES INMOBILIARIAS 144 SAC,4,5,,Lima Top
NATIVA,,Edificio de departamentos,1840,202,1256560.0,10739.8,7,2,0.1,CHABRIER PROYECTOS SAC,4,7,,Lima Top
NATIVA,,Edificio de departamentos,1840,202,961560.0,10566.6,3,1,0.1,CHABRIER PROYECTOS SAC,4,7,,Lima Top
NATIVA,,Edificio de departamentos,1840,202,1416560.0,10264.9,5,3,0.1,CHABRIER PROYECTOS SAC,4,7,,Lima Top
NATIVA,,Edificio de departamentos,1840,202,1834460.0,9916.0,1,3,0.1,CHABRIER PROYECTOS SAC,4,7,,Lima Top
NOGALES,,Edificio de departamentos,2100,385,1852650.0,9263.25,2,4,0.0,SESHAT INMOBILIARIA SAC,4,4,,Lima Top
NOGALES,,Edificio de departamentos,2100,385,1878340.0,9345.0,2,4,0.0,SESHAT INMOBILIARIA SAC,4,4,,Lima Top
NOGALES,,Edificio de departamentos,2100,385,1287440.0,7315.0,1,2,0.0,SESHAT INMOBILIARIA SAC,4,4,,Lima Top
NOGALES,,Edificio de departamentos,2100,385,1934690.0,7219.0,1,3,0.0,SESHAT INMOBILIARIA SAC,4,4,,Lima Top
NOGALES,,Edificio de departamentos,2100,385,1673530.0,7405.0,1,3,0.0,SESHAT INMOBILIARIA SAC,4,4,,Lima Top
NOGALES,,Edificio de departamentos,2100,385,2458620.0,7565.0,1,4,0.0,SESHAT INMOBILIARIA SAC,4,4,,Lima Top
NOGALES,,Edificio de departamentos,2100,385,56925.0,3795.0,20,0,0.0,SESHAT INMOBILIARIA SAC,4,4,,Lima Top
NOGALES,,Edificio de departamentos,2100,385,2021700.0,7220.36,1,4,0.0,SESHAT INMOBILIARIA SAC,4,4,,Lima Top
NOGALES PARK,,Edificio de departamentos,10110,795,1378000.0,9125.83,8,2,0.1,CONSTRUCCIONES INMOBILIARIA FP SAC,4,10,SAN FELIPE,Lima Top
NOGALES PARK,,Edificio de departamentos,10110,795,846000.0,9613.64,10,1,0.1,CONSTRUCCIONES INMOBILIARIA FP SAC,4,10,SAN FELIPE,Lima Top
NOGALES PARK,,Edificio de departamentos,10110,795,1339250.0,9300.36,10,2,0.1,CONSTRUCCIONES INMOBILIARIA FP SAC,4,10,SAN FELIPE,Lima Top
NOGALES PARK,,Edificio de departamentos,10110,795,736500.0,9322.79,18,1,0.1,CONSTRUCCIONES INMOBILIARIA FP SAC,4,10,SAN FELIPE,Lima Top
NOGALES PARK,,Edificio de departamentos,10110,795,669584.0,9299.78,24,1,0.1,CONSTRUCCIONES INMOBILIARIA FP SAC,4,10,SAN FELIPE,Lima Top
NOGALES PARK,,Edificio de departamentos,10110,795,760598.0,8948.21,15,1,0.1,CONSTRUCCIONES INMOBILIARIA FP SAC,4,10,SAN FELIPE,Lima Top
NOGALES PARK,,Edificio de departamentos,10110,795,47500.0,3653.85,95,0,0.1,CONSTRUCCIONES INMOBILIARIA FP SAC,4,10,SAN FELIPE,Lima Top
ODRIZOLA 245,1.0,Edificio de departamentos,2740,300,15000.0,5000.0,10,0,1.0,PUERTA DE TIERRA SA,4,7,,Lima Top
ODRIZOLA 245,1.0,Edificio de departamentos,2740,300,56160.0,4320.0,32,0,1.0,PUERTA DE TIERRA SA,4,7,,Lima Top
ODRIZOLA 245,1.0,Edificio de departamentos,2740,300,438184.0,9737.42,7,1,1.0,PUERTA DE TIERRA SA,4,7,,Lima Top
ODRIZOLA 245,1.0,Edificio de departamentos,2740,300,589680.0,8671.76,5,2,1.0,PUERTA DE TIERRA SA,4,7,,Lima Top
ODRIZOLA 245,1.0,Edificio de departamentos,2740,300,583274.0,8453.25,4,2,1.0,PUERTA DE TIERRA SA,4,7,,Lima Top
ODRIZOLA 245,1.0,Edificio de departamentos,2740,300,681094.0,9330.05,13,2,1.0,PUERTA DE TIERRA SA,4,7,,Lima Top
ODRIZOLA 245,1.0,Edificio de departamentos,2740,300,0.0,0.0,1,0,1.0,PUERTA DE TIERRA SA,4,7,,Lima Top
OLIVA,1.0,Edificio de departamentos,4210,230,940000.0,6225.17,1,2,0.22,ALTA EDIFICACIONES SAC,4,14,,Lima Top
OLIVA,1.0,Edificio de departamentos,4210,230,933504.0,8117.43,1,2,0.22,ALTA EDIFICACIONES SAC,4,14,,Lima Top
OLIVA,1.0,Edificio de departamentos,4210,230,63000.0,4846.15,60,0,0.22,ALTA EDIFICACIONES SAC,4,14,,Lima Top
OLIVA,1.0,Edificio de departamentos,4210,230,761125.0,8850.29,15,2,0.22,ALTA EDIFICACIONES SAC,4,14,,Lima Top
OLIVA,1.0,Edificio de departamentos,4210,230,626000.0,8346.67,24,1,0.22,ALTA EDIFICACIONES SAC,4,14,,Lima Top
OLIVAR 52,1.0,Edificio de departamentos,2681,423,0.0,0.0,1,0,1.0,INICIATIVA INMOBILIARIA SAC,4,7,EL OLIVAR,Lima Top
OLIVAR 52,1.0,Edificio de departamentos,2681,423,2459510.0,7734.31,1,3,1.0,INICIATIVA INMOBILIARIA SAC,4,7,EL OLIVAR,Lima Top
OLIVAR 52,1.0,Edificio de departamentos,2681,423,2050340.0,10906.1,3,3,1.0,INICIATIVA INMOBILIARIA SAC,4,7,EL OLIVAR,Lima Top
OLIVAR 52,1.0,Edificio de departamentos,2681,423,1551580.0,11004.1,3,2,1.0,INICIATIVA INMOBILIARIA SAC,4,7,EL OLIVAR,Lima Top
OLIVAR 52,1.0,Edificio de departamentos,2681,423,2310720.0,11729.5,2,3,1.0,INICIATIVA INMOBILIARIA SAC,4,7,EL OLIVAR,Lima Top
OLIVAR 52,1.0,Edificio de departamentos,2681,423,65718.0,4381.2,7,0,1.0,INICIATIVA INMOBILIARIA SAC,4,7,EL OLIVAR,Lima Top
OLIVAR 52,1.0,Edificio de departamentos,2681,423,3344240.0,11184.8,1,3,1.0,INICIATIVA INMOBILIARIA SAC,4,7,EL OLIVAR,Lima Top
OLIVAR 52,1.0,Edificio de departamentos,2681,423,1520580.0,11607.5,2,3,1.0,INICIATIVA INMOBILIARIA SAC,4,7,EL OLIVAR,Lima Top
PALM LIVING ,1.0,Edificio de departamentos,22432,1229,0.0,0.0,1,0,0.5,BARCELONA REAL ESTATE GROUP SCRL,4,34,,Lima Top
PALM LIVING ,1.0,Edificio de departamentos,22432,1229,550000.0,9322.03,44,1,0.5,BARCELONA REAL ESTATE GROUP SCRL,4,34,,Lima Top
PALM LIVING ,1.0,Edificio de departamentos,22432,1229,60000.0,4285.71,220,0,0.5,BARCELONA REAL ESTATE GROUP SCRL,4,34,,Lima Top
PALM LIVING ,1.0,Edificio de departamentos,22432,1229,398379.0,9716.56,42,1,0.5,BARCELONA REAL ESTATE GROUP SCRL,4,34,,Lima Top
PALM LIVING ,1.0,Edificio de departamentos,22432,1229,679000.0,9700.0,40,3,0.5,BARCELONA REAL ESTATE GROUP SCRL,4,34,,Lima Top
PALM LIVING ,1.0,Edificio de departamentos,22432,1229,699000.0,8961.54,15,2,0.5,BARCELONA REAL ESTATE GROUP SCRL,4,34,,Lima Top
PALM LIVING ,1.0,Edificio de departamentos,22432,1229,499358.0,8760.67,40,2,0.5,BARCELONA REAL ESTATE GROUP SCRL,4,34,,Lima Top
PALM LIVING ,1.0,Edificio de departamentos,22432,1229,724000.0,9050.0,6,3,0.5,BARCELONA REAL ESTATE GROUP SCRL,4,34,,Lima Top
PALM LIVING ,1.0,Edificio de departamentos,22432,1229,436749.0,8087.94,40,1,0.5,BARCELONA REAL ESTATE GROUP SCRL,4,34,,Lima Top
PARQUE NORTE,1.0,Edificio de departamentos,1700,200,1296200.0,8256.03,3,2,1.0,ROS&AM SAC,4,8,,Lima Top
PARQUE NORTE,1.0,Edificio de departamentos,1700,200,1177830.0,7748.88,1,3,1.0,ROS&AM SAC,4,8,,Lima Top
PARQUE NORTE,1.0,Edificio de departamentos,1700,200,2119820.0,6882.53,1,4,1.0,ROS&AM SAC,4,8,,Lima Top
PARQUE NORTE,1.0,Edificio de departamentos,1700,200,0.0,0.0,2,0,1.0,ROS&AM SAC,4,8,,Lima Top
PARQUE NORTE,1.0,Edificio de departamentos,1700,200,1424280.0,8046.81,2,1,1.0,ROS&AM SAC,4,8,,Lima Top
PARQUE NORTE,1.0,Edificio de departamentos,1700,200,1283640.0,8914.17,4,2,1.0,ROS&AM SAC,4,8,,Lima Top
PARQUE NORTE,1.0,Edificio de departamentos,1700,200,1194900.0,7759.09,3,4,1.0,ROS&AM SAC,4,8,,Lima Top
PASAJE LOS PINOS ,1.0,Edificio de departamentos,8400,838,1301590.0,10846.6,15,3,1.0,ARMANDO PAREDES SAC,4,10,,Lima Top
PASAJE LOS PINOS ,1.0,Edificio de departamentos,8400,838,1070490.0,11150.9,15,2,1.0,ARMANDO PAREDES SAC,4,10,,Lima Top
PASAJE LOS PINOS ,1.0,Edificio de departamentos,8400,838,12000.0,120.0,5,0,1.0,ARMANDO PAREDES SAC,4,10,,Lima Top
PASAJE LOS PINOS ,1.0,Edificio de departamentos,8400,838,64361.0,4290.73,80,0,1.0,ARMANDO PAREDES SAC,4,10,,Lima Top
PASAJE LOS PINOS ,1.0,Edificio de departamentos,8400,838,1559040.0,11136.0,9,3,1.0,ARMANDO PAREDES SAC,4,10,,Lima Top
PASAJE LOS PINOS ,1.0,Edificio de departamentos,8400,838,0.0,0.0,1,0,1.0,ARMANDO PAREDES SAC,4,10,,Lima Top
PASAJE LOS PINOS ,1.0,Edificio de departamentos,8400,838,763000.0,10900.0,12,1,1.0,ARMANDO PAREDES SAC,4,10,,Lima Top
PASAJE LOS PINOS ,1.0,Edificio de departamentos,8400,838,1759680.0,10998.0,9,2,1.0,ARMANDO PAREDES SAC,4,10,,Lima Top
PASAJE SANTA CRUZ,,Edificio de departamentos,4420,480,56974.0,4382.62,36,0,0.0,ARMANDO PAREDES SAC,4,8,,Lima Top
PASAJE SANTA CRUZ,,Edificio de departamentos,4420,480,956481.0,8695.28,11,2,0.0,ARMANDO PAREDES SAC,4,8,,Lima Top
PASAJE SANTA CRUZ,,Edificio de departamentos,4420,480,1132450.0,8711.16,11,3,0.0,ARMANDO PAREDES SAC,4,8,,Lima Top
PASAJE SANTA CRUZ,,Edificio de departamentos,4420,480,11753.0,3917.67,10,0,0.0,ARMANDO PAREDES SAC,4,8,,Lima Top
PASAJE SANTA CRUZ,,Edificio de departamentos,4420,480,759660.0,9495.75,11,1,0.0,ARMANDO PAREDES SAC,4,8,,Lima Top
PASAJE UGARTE 546,1.0,Edificio de departamentos,3600,360,773600.0,9670.0,9,2,0.6,ARMANDO PAREDES SAC,4,11,,Lima Top
PASAJE UGARTE 546,1.0,Edificio de departamentos,3600,360,1332460.0,10249.7,10,3,0.6,ARMANDO PAREDES SAC,4,11,,Lima Top
PASAJE UGARTE 546,1.0,Edificio de departamentos,3600,360,1092410.0,9930.96,9,2,0.6,ARMANDO PAREDES SAC,4,11,,Lima Top
PASAJE UGARTE 546,1.0,Edificio de departamentos,3600,360,1293160.0,9508.54,6,3,0.6,ARMANDO PAREDES SAC,4,11,,Lima Top
PETIRROJOS 17,1.0,Edificio de departamentos,1700,340,1222870.0,7992.6,3,3,15.0,CONSTRUCTOR,4,5,CORPAC,Lima Top
PETIRROJOS 17,1.0,Edificio de departamentos,1700,340,1079350.0,7148.0,3,3,15.0,CONSTRUCTOR,4,5,CORPAC,Lima Top
PETIRROJOS 17,1.0,Edificio de departamentos,1700,340,1280000.0,10000.0,1,1,15.0,CONSTRUCTOR,4,5,CORPAC,Lima Top
PETIRROJOS 17,1.0,Edificio de departamentos,1700,340,13980.0,4660.0,4,0,15.0,CONSTRUCTOR,4,5,CORPAC,Lima Top
PETIRROJOS 17,1.0,Edificio de departamentos,1700,340,1239030.0,7162.0,1,1,15.0,CONSTRUCTOR,4,5,CORPAC,Lima Top
PETIRROJOS 17,1.0,Edificio de departamentos,1700,340,1517890.0,5952.5,1,3,15.0,CONSTRUCTOR,4,5,CORPAC,Lima Top
PETIRROJOS 17,1.0,Edificio de departamentos,1700,340,1129280.0,6104.23,1,2,15.0,CONSTRUCTOR,4,5,CORPAC,Lima Top
PETIRROJOS 17,1.0,Edificio de departamentos,1700,340,55664.0,4281.85,22,0,15.0,CONSTRUCTOR,4,5,CORPAC,Lima Top
PETIRROJOS 17,1.0,Edificio de departamentos,1700,340,1781500.0,7126.0,1,3,15.0,CONSTRUCTOR,4,5,CORPAC,Lima Top
PLAZA ALDANA,1.0,Edificio de departamentos,4176,320,1194040.0,12061.1,0,3,0.8,ELEVA PERU SAC,4,8,,Lima Top
PLAZA ALDANA,1.0,Edificio de departamentos,4176,320,696060.0,12211.6,0,2,0.8,ELEVA PERU SAC,4,8,,Lima Top
PLAZA ALDANA,1.0,Edificio de departamentos,4176,320,1711200.0,11257.9,0,3,0.8,ELEVA PERU SAC,4,8,,Lima Top
PLAZA ALDANA,1.0,Edificio de departamentos,4176,320,0.0,0.0,1,0,0.8,ELEVA PERU SAC,4,8,,Lima Top
PLAZA ALDANA,1.0,Edificio de departamentos,4176,320,54000.0,3600.0,0,0,0.8,ELEVA PERU SAC,4,8,,Lima Top
PRADO HARMONY,,Edificio de departamentos,37960,1170,62000.0,4133.33,202,0,0.0,MERIDIAN REAL ESTATE SAC,4,33,,Lima Top
PRADO HARMONY,,Edificio de departamentos,37960,1170,445000.0,8557.69,110,2,0.0,MERIDIAN REAL ESTATE SAC,4,33,,Lima Top
PRADO HARMONY,,Edificio de departamentos,37960,1170,488000.0,8271.19,99,2,0.0,MERIDIAN REAL ESTATE SAC,4,33,,Lima Top
PRADO HARMONY,,Edificio de departamentos,37960,1170,213100.0,7892.59,106,1,0.0,MERIDIAN REAL ESTATE SAC,4,33,,Lima Top
PRADO HARMONY,,Edificio de departamentos,37960,1170,610000.0,8133.33,95,3,0.0,MERIDIAN REAL ESTATE SAC,4,33,,Lima Top
PRADO HARMONY,,Edificio de departamentos,37960,1170,320104.0,8423.79,100,1,0.0,MERIDIAN REAL ESTATE SAC,4,33,,Lima Top
PRADO HARMONY,,Edificio de departamentos,37960,1170,597000.0,9045.45,96,2,0.0,MERIDIAN REAL ESTATE SAC,4,33,,Lima Top
PREMINENZA,1.0,Edificio de departamentos,11100,1179,587720.0,10883.7,38,2,0.4,CONSTRUCTORA COLPATRIA SAC,4,17,,Lima Top
PREMINENZA,1.0,Edificio de departamentos,11100,1179,736000.0,11151.5,38,3,0.4,CONSTRUCTORA COLPATRIA SAC,4,17,,Lima Top
PREMINENZA,1.0,Edificio de departamentos,11100,1179,320107.0,11432.4,38,1,0.4,CONSTRUCTORA COLPATRIA SAC,4,17,,Lima Top
PREMINENZA,1.0,Edificio de departamentos,11100,1179,648164.0,9674.09,37,2,0.4,CONSTRUCTORA COLPATRIA SAC,4,17,,Lima Top
PREMINENZA,1.0,Edificio de departamentos,11100,1179,677626.0,9965.09,3,1,0.4,CONSTRUCTORA COLPATRIA SAC,4,17,,Lima Top
PREMINENZA,1.0,Edificio de departamentos,11100,1179,1008850.0,10088.5,3,2,0.4,CONSTRUCTORA COLPATRIA SAC,4,17,,Lima Top
PREMINENZA,1.0,Edificio de departamentos,11100,1179,53000.0,3785.71,85,0,0.4,CONSTRUCTORA COLPATRIA SAC,4,17,,Lima Top
PREMINENZA,1.0,Edificio de departamentos,11100,1179,0.0,0.0,1,0,0.4,CONSTRUCTORA COLPATRIA SAC,4,17,,Lima Top
PREMINENZA,1.0,Edificio de departamentos,11100,1179,418660.0,12686.7,38,1,0.4,CONSTRUCTORA COLPATRIA SAC,4,17,,Lima Top
RIVERA NAVARRETE 548,1.0,Edificio de departamentos,11627,530,850000.0,10000.0,34,3,1.0,CONSTRUCTORA VYV BRAVO SAC,4,21,,Lima Top
RIVERA NAVARRETE 548,1.0,Edificio de departamentos,11627,530,466200.0,9712.5,42,1,1.0,CONSTRUCTORA VYV BRAVO SAC,4,21,,Lima Top
RIVERA NAVARRETE 548,1.0,Edificio de departamentos,11627,530,772112.0,10576.9,40,2,1.0,CONSTRUCTORA VYV BRAVO SAC,4,21,,Lima Top
RIVERA NAVARRETE 548,1.0,Edificio de departamentos,11627,530,685000.0,10538.5,38,2,1.0,CONSTRUCTORA VYV BRAVO SAC,4,21,,Lima Top
RIVERA NAVARRETE 548,1.0,Edificio de departamentos,11627,530,972463.0,9822.86,3,1,1.0,CONSTRUCTORA VYV BRAVO SAC,4,21,,Lima Top
RIVERA NAVARRETE 548,1.0,Edificio de departamentos,11627,530,0.0,0.0,1,0,1.0,CONSTRUCTORA VYV BRAVO SAC,4,21,,Lima Top
RIVERA NAVARRETE 548,1.0,Edificio de departamentos,11627,530,800000.0,10126.6,39,2,1.0,CONSTRUCTORA VYV BRAVO SAC,4,21,,Lima Top
RIVERA NAVARRETE 548,1.0,Edificio de departamentos,11627,530,65000.0,5000.0,100,0,1.0,CONSTRUCTORA VYV BRAVO SAC,4,21,,Lima Top
RIVERA NAVARRETE 548,1.0,Edificio de departamentos,11627,530,13000.0,2600.0,65,0,1.0,CONSTRUCTORA VYV BRAVO SAC,4,21,,Lima Top
RIVERA NAVARRETE 548,1.0,Edificio de departamentos,11627,530,8618.0,95.7556,1,0,1.0,CONSTRUCTORA VYV BRAVO SAC,4,21,,Lima Top
RIVERA NAVARRETE 548,1.0,Edificio de departamentos,11627,530,10523.0,95.6636,1,0,1.0,CONSTRUCTORA VYV BRAVO SAC,4,21,,Lima Top
RIVERA NAVARRETE 548,1.0,Edificio de departamentos,11627,530,1102460.0,8546.22,3,2,1.0,CONSTRUCTORA VYV BRAVO SAC,4,21,,Lima Top
ROBLES 220,1.0,Edificio de departamentos,1900,270,1096950.0,9707.52,6,3,1.0,QOLONO INMOBILIARIA SAC,4,7,,Lima Top
ROBLES 220,1.0,Edificio de departamentos,1900,270,1100500.0,8274.44,2,2,1.0,QOLONO INMOBILIARIA SAC,4,7,,Lima Top
ROBLES 220,1.0,Edificio de departamentos,1900,270,1296100.0,9745.15,6,3,1.0,QOLONO INMOBILIARIA SAC,4,7,,Lima Top
ROSARIO,,Edificio de departamentos,6880,1180,1600000.0,11764.7,1,1,0.5,DESARROLLADORA DEL PACIFICO PROYECTO 22 SAC,4,5,,Lima Top
ROSARIO,,Edificio de departamentos,6880,1180,69060.0,4062.35,45,0,0.5,DESARROLLADORA DEL PACIFICO PROYECTO 22 SAC,4,5,,Lima Top
ROSARIO,,Edificio de departamentos,6880,1180,2000000.0,12195.1,6,2,0.5,DESARROLLADORA DEL PACIFICO PROYECTO 22 SAC,4,5,,Lima Top
ROSARIO,,Edificio de departamentos,6880,1180,1800000.0,13043.5,8,1,0.5,DESARROLLADORA DEL PACIFICO PROYECTO 22 SAC,4,5,,Lima Top
ROSARIO,,Edificio de departamentos,6880,1180,2451600.0,11730.1,5,3,0.5,DESARROLLADORA DEL PACIFICO PROYECTO 22 SAC,4,5,,Lima Top
ROSARIO,,Edificio de departamentos,6880,1180,2233000.0,11165.0,6,3,0.5,DESARROLLADORA DEL PACIFICO PROYECTO 22 SAC,4,5,,Lima Top
ROSARIO,,Edificio de departamentos,6880,1180,1919740.0,10377.0,6,2,0.5,DESARROLLADORA DEL PACIFICO PROYECTO 22 SAC,4,5,,Lima Top
ROSARIO,,Edificio de departamentos,6880,1180,1461710.0,10011.7,1,1,0.5,DESARROLLADORA DEL PACIFICO PROYECTO 22 SAC,4,5,,Lima Top
S.29 SMART LIVING II,2.0,Edificio de departamentos,10000,630,934755.0,9255.0,30,3,1.0,SALAVERRY S29 SAC,4,16,,Lima Top
S.29 SMART LIVING II,2.0,Edificio de departamentos,10000,630,406326.0,8465.12,20,1,1.0,SALAVERRY S29 SAC,4,16,,Lima Top
S.29 SMART LIVING II,2.0,Edificio de departamentos,10000,630,1070880.0,9312.0,15,3,1.0,SALAVERRY S29 SAC,4,16,,Lima Top
S.29 SMART LIVING II,2.0,Edificio de departamentos,10000,630,900900.0,9100.0,9,3,1.0,SALAVERRY S29 SAC,4,16,,Lima Top
S.29 SMART LIVING II,2.0,Edificio de departamentos,10000,630,510180.0,9276.0,10,1,1.0,SALAVERRY S29 SAC,4,16,,Lima Top
S.29 SMART LIVING II,2.0,Edificio de departamentos,10000,630,62382.0,4158.8,100,0,1.0,SALAVERRY S29 SAC,4,16,,Lima Top
S.29 SMART LIVING II,2.0,Edificio de departamentos,10000,630,0.0,0.0,1,0,1.0,SALAVERRY S29 SAC,4,16,,Lima Top
S.29 SMART LIVING II,2.0,Edificio de departamentos,10000,630,579259.0,9342.89,20,2,1.0,SALAVERRY S29 SAC,4,16,,Lima Top
S29 SMART LIVING,1.0,Edificio de departamentos,11050,1800,529970.0,7910.0,19,2,1.0,SALAVERRY S29 SAC,4,16,,Lima Top
S29 SMART LIVING,1.0,Edificio de departamentos,11050,1800,520756.0,9299.21,16,2,1.0,SALAVERRY S29 SAC,4,16,,Lima Top
S29 SMART LIVING,1.0,Edificio de departamentos,11050,1800,518651.0,7858.35,21,1,1.0,SALAVERRY S29 SAC,4,16,,Lima Top
S29 SMART LIVING,1.0,Edificio de departamentos,11050,1800,572521.0,8808.02,16,2,1.0,SALAVERRY S29 SAC,4,16,,Lima Top
S29 SMART LIVING,1.0,Edificio de departamentos,11050,1800,822262.0,8565.23,22,2,1.0,SALAVERRY S29 SAC,4,16,,Lima Top
S29 SMART LIVING,1.0,Edificio de departamentos,11050,1800,738131.0,7769.8,10,2,1.0,SALAVERRY S29 SAC,4,16,,Lima Top
S29 SMART LIVING,1.0,Edificio de departamentos,11050,1800,1053640.0,7863.0,17,3,1.0,SALAVERRY S29 SAC,4,16,,Lima Top
S29 SMART LIVING,1.0,Edificio de departamentos,11050,1800,758400.0,7900.0,16,3,1.0,SALAVERRY S29 SAC,4,16,,Lima Top
S29 SMART LIVING,1.0,Edificio de departamentos,11050,1800,958320.0,7986.0,15,2,1.0,SALAVERRY S29 SAC,4,16,,Lima Top
S29 SMART LIVING,1.0,Edificio de departamentos,11050,1800,62382.0,4455.86,120,0,1.0,SALAVERRY S29 SAC,4,16,,Lima Top
S29 SMART LIVING,1.0,Edificio de departamentos,11050,1800,16000.0,4000.0,25,0,1.0,SALAVERRY S29 SAC,4,16,,Lima Top
S29 SMART LIVING,1.0,Edificio de departamentos,11050,1800,0.0,0.0,1,0,1.0,SALAVERRY S29 SAC,4,16,,Lima Top
S29 SMART LIVING,1.0,Edificio de departamentos,11050,1800,679502.0,7901.19,1,2,1.0,SALAVERRY S29 SAC,4,16,,Lima Top
SALAVERRY 2431,1.0,Edificio de departamentos,31841,1466,580000.0,8529.41,33,2,0.91,V Y V PROYECTO PARREÑO SAC,4,28,,Lima Top
SALAVERRY 2431,1.0,Edificio de departamentos,31841,1466,509000.0,9089.29,33,2,0.91,V Y V PROYECTO PARREÑO SAC,4,28,,Lima Top
SALAVERRY 2431,1.0,Edificio de departamentos,31841,1466,807000.0,8966.67,33,3,0.91,V Y V PROYECTO PARREÑO SAC,4,28,,Lima Top
SALAVERRY 2431,1.0,Edificio de departamentos,31841,1466,777308.0,8449.0,33,2,0.91,V Y V PROYECTO PARREÑO SAC,4,28,,Lima Top
SALAVERRY 2431,1.0,Edificio de departamentos,31841,1466,450000.0,9375.0,33,1,0.91,V Y V PROYECTO PARREÑO SAC,4,28,,Lima Top
SALAVERRY 2431,1.0,Edificio de departamentos,31841,1466,750000.0,9375.0,33,2,0.91,V Y V PROYECTO PARREÑO SAC,4,28,,Lima Top
SALAVERRY 2431,1.0,Edificio de departamentos,31841,1466,381000.0,8659.09,33,1,0.91,V Y V PROYECTO PARREÑO SAC,4,28,,Lima Top
SALAVERRY 2431,1.0,Edificio de departamentos,31841,1466,753000.0,9182.93,33,2,0.91,V Y V PROYECTO PARREÑO SAC,4,28,,Lima Top
SALAVERRY 2431,1.0,Edificio de departamentos,31841,1466,0.0,0.0,1,0,0.91,V Y V PROYECTO PARREÑO SAC,4,28,,Lima Top
SALAVERRY 2431,1.0,Edificio de departamentos,31841,1466,12000.0,4000.0,25,0,0.91,V Y V PROYECTO PARREÑO SAC,4,28,,Lima Top
SALAVERRY 2431,1.0,Edificio de departamentos,31841,1466,50000.0,3846.15,99,0,0.91,V Y V PROYECTO PARREÑO SAC,4,28,,Lima Top
SALAVERRY 2431,1.0,Edificio de departamentos,31841,1466,701000.0,8057.47,33,3,0.91,V Y V PROYECTO PARREÑO SAC,4,28,,Lima Top
SALAVERRY 2675,1.0,Edificio de departamentos,11225,536,475000.0,11875.0,9,1,1.0,J. PEZO Y CIA. S.A.,4,8,,Lima Top
SALAVERRY 2675,1.0,Edificio de departamentos,11225,536,820000.0,10789.5,5,2,1.0,J. PEZO Y CIA. S.A.,4,8,,Lima Top
SALAVERRY 2675,1.0,Edificio de departamentos,11225,536,530000.0,11041.7,10,1,1.0,J. PEZO Y CIA. S.A.,4,8,,Lima Top
SALAVERRY 2675,1.0,Edificio de departamentos,11225,536,80000.0,5333.33,11,0,1.0,J. PEZO Y CIA. S.A.,4,8,,Lima Top
SALAVERRY 2675,1.0,Edificio de departamentos,11225,536,660000.0,10819.7,8,2,1.0,J. PEZO Y CIA. S.A.,4,8,,Lima Top
SALAVERRY 2675,1.0,Edificio de departamentos,11225,536,890000.0,10229.9,5,2,1.0,J. PEZO Y CIA. S.A.,4,8,,Lima Top
SALAVERRY 2675,1.0,Edificio de departamentos,11225,536,487000.0,8396.55,7,2,1.0,J. PEZO Y CIA. S.A.,4,8,,Lima Top
SALAVERRY DISTRICT,,Edificio de departamentos,17450,680,680372.0,8836.0,35,3,0.0,TALE INMOBILIARIA SAC,4,28,,Lima Top
SALAVERRY DISTRICT,,Edificio de departamentos,17450,680,602397.0,8991.0,4,1,0.0,TALE INMOBILIARIA SAC,4,28,,Lima Top
SALAVERRY DISTRICT,,Edificio de departamentos,17450,680,582720.0,9105.0,34,2,0.0,TALE INMOBILIARIA SAC,4,28,,Lima Top
SALAVERRY DISTRICT,,Edificio de departamentos,17450,680,385796.0,8972.0,8,1,0.0,TALE INMOBILIARIA SAC,4,28,,Lima Top
SALAVERRY DISTRICT,,Edificio de departamentos,17450,680,778950.0,8655.0,30,3,0.0,TALE INMOBILIARIA SAC,4,28,,Lima Top
SALAVERRY DISTRICT,,Edificio de departamentos,17450,680,531000.0,9155.17,30,2,0.0,TALE INMOBILIARIA SAC,4,28,,Lima Top
SALAVERRY DISTRICT,,Edificio de departamentos,17450,680,432000.0,9000.0,10,1,0.0,TALE INMOBILIARIA SAC,4,28,,Lima Top
SALAVERRY DISTRICT,,Edificio de departamentos,17450,680,50000.0,3846.15,160,0,0.0,TALE INMOBILIARIA SAC,4,28,,Lima Top
SALAVERRY DISTRICT,,Edificio de departamentos,17450,680,0.0,0.0,1,0,0.0,TALE INMOBILIARIA SAC,4,28,,Lima Top
SALAVERRY DISTRICT,,Edificio de departamentos,17450,680,671055.0,8715.0,2,2,0.0,TALE INMOBILIARIA SAC,4,28,,Lima Top
SALAVERRY DISTRICT,,Edificio de departamentos,17450,680,790000.0,8586.96,34,3,0.0,TALE INMOBILIARIA SAC,4,28,,Lima Top
SANTA LUISA,,Edificio de departamentos,2200,242,927754.0,8283.52,7,3,0.14,BA CONSTRUCTORES SAC,4,9,,Lima Top
SANTA LUISA,,Edificio de departamentos,2200,242,1173650.0,8824.41,6,3,0.14,BA CONSTRUCTORES SAC,4,9,,Lima Top
SANTA LUISA,,Edificio de departamentos,2200,242,1084980.0,9687.37,1,3,0.14,BA CONSTRUCTORES SAC,4,9,,Lima Top
SANTA LUISA,,Edificio de departamentos,2200,242,1097120.0,4941.96,1,3,0.14,BA CONSTRUCTORES SAC,4,9,,Lima Top
SANTA LUISA,,Edificio de departamentos,2200,242,1409180.0,5297.67,1,3,0.14,BA CONSTRUCTORES SAC,4,9,,Lima Top
SANTA LUISA,,Edificio de departamentos,2200,242,51120.0,3932.31,4,0,0.14,BA CONSTRUCTORES SAC,4,9,,Lima Top
SANTO TORIBIO,1.0,Edificio de departamentos,17420,3484,1278000.0,14860.5,30,2,0.0,TALE INMOBILIARIA SAC,4,15,,Lima Top
SANTO TORIBIO,1.0,Edificio de departamentos,17420,3484,468013.0,11143.2,30,1,0.0,TALE INMOBILIARIA SAC,4,15,,Lima Top
SANTO TORIBIO,1.0,Edificio de departamentos,17420,3484,70000.0,5000.0,190,0,0.0,TALE INMOBILIARIA SAC,4,15,,Lima Top
SANTO TORIBIO,1.0,Edificio de departamentos,17420,3484,858585.0,11150.5,7,2,0.0,TALE INMOBILIARIA SAC,4,15,,Lima Top
SANTO TORIBIO,1.0,Edificio de departamentos,17420,3484,468013.0,9957.72,35,1,0.0,TALE INMOBILIARIA SAC,4,15,,Lima Top
SANTO TORIBIO,1.0,Edificio de departamentos,17420,3484,690235.0,12109.4,5,1,0.0,TALE INMOBILIARIA SAC,4,15,,Lima Top
SANTO TORIBIO,1.0,Edificio de departamentos,17420,3484,888888.0,12012.0,30,2,0.0,TALE INMOBILIARIA SAC,4,15,,Lima Top
SANTO TORIBIO,1.0,Edificio de departamentos,17420,3484,1434340.0,10704.0,4,4,0.0,TALE INMOBILIARIA SAC,4,15,,Lima Top
SANTO TORIBIO,1.0,Edificio de departamentos,17420,3484,461279.0,8870.75,35,1,0.0,TALE INMOBILIARIA SAC,4,15,,Lima Top
SILICCE,,Edificio de departamentos,1550,244,794000.0,10311.7,8,3,0.3,QUADRAT SAC,4,5,,Lima Top
SILICCE,,Edificio de departamentos,1550,244,1124000.0,8646.15,4,3,0.3,QUADRAT SAC,4,5,,Lima Top
SILICCE,,Edificio de departamentos,1550,244,680000.0,10461.5,7,2,0.3,QUADRAT SAC,4,5,,Lima Top
SOUL,1.0,Edificio de departamentos,2260,452,850000.0,9042.55,7,3,0.1,CONSTRUCTOR,4,6,,Lima Top
SOUL,1.0,Edificio de departamentos,2260,452,1185050.0,8650.0,3,2,0.1,CONSTRUCTOR,4,6,,Lima Top
SOUL,1.0,Edificio de departamentos,2260,452,785000.0,8920.45,4,3,0.1,CONSTRUCTOR,4,6,,Lima Top
SOUL,1.0,Edificio de departamentos,2260,452,942671.0,9064.14,4,3,0.1,CONSTRUCTOR,4,6,,Lima Top
SOUL,1.0,Edificio de departamentos,2260,452,55000.0,4230.77,30,0,0.1,CONSTRUCTOR,4,6,,Lima Top
STILL,,Edificio de departamentos,7990,1370,1044400.0,8288.85,9,3,0.0,ARMANDO PAREDES SAC,4,9,,Lima Top
STILL,,Edificio de departamentos,7990,1370,1414210.0,8950.71,9,3,0.0,ARMANDO PAREDES SAC,4,9,,Lima Top
STILL,,Edificio de departamentos,7990,1370,1836100.0,8540.0,9,3,0.0,ARMANDO PAREDES SAC,4,9,,Lima Top
STILL,,Edificio de departamentos,7990,1370,2016080.0,7875.31,9,3,0.0,ARMANDO PAREDES SAC,4,9,,Lima Top
STILL,,Edificio de departamentos,7990,1370,52185.0,3727.5,48,0,0.0,ARMANDO PAREDES SAC,4,9,,Lima Top
THE BRICKELL TOWER,,Edificio de departamentos,18230,510,65000.0,4642.86,132,0,0.0,"INVERSIONES, PROYECTOS & NEGOCIOS INMOBILIARIOS SAC",4,38,,Lima Top
THE BRICKELL TOWER,,Edificio de departamentos,18230,510,434700.0,9879.55,64,1,0.0,"INVERSIONES, PROYECTOS & NEGOCIOS INMOBILIARIOS SAC",4,38,,Lima Top
THE BRICKELL TOWER,,Edificio de departamentos,18230,510,423471.0,10586.8,67,1,0.0,"INVERSIONES, PROYECTOS & NEGOCIOS INMOBILIARIOS SAC",4,38,,Lima Top
THE BRICKELL TOWER,,Edificio de departamentos,18230,510,479941.0,10665.4,64,1,0.0,"INVERSIONES, PROYECTOS & NEGOCIOS INMOBILIARIOS SAC",4,38,,Lima Top
THE BRICKELL TOWER,,Edificio de departamentos,18230,510,383824.0,10661.8,66,1,0.0,"INVERSIONES, PROYECTOS & NEGOCIOS INMOBILIARIOS SAC",4,38,,Lima Top
THE BRICKELL TOWER,,Edificio de departamentos,18230,510,630011.0,10000.2,63,2,0.0,"INVERSIONES, PROYECTOS & NEGOCIOS INMOBILIARIOS SAC",4,38,,Lima Top
THE GRAND,1.0,Edificio de departamentos,24347,1230,2276860.0,14319.9,1,1,1.0,V & V BRAVO S.A.C.,4,22,,Lima Top
THE GRAND,1.0,Edificio de departamentos,24347,1230,1932560.0,12714.2,29,2,1.0,V & V BRAVO S.A.C.,4,22,,Lima Top
THE GRAND,1.0,Edificio de departamentos,24347,1230,3758140.0,16411.1,1,2,1.0,V & V BRAVO S.A.C.,4,22,,Lima Top
THE GRAND,1.0,Edificio de departamentos,24347,1230,0.0,0.0,1,0,1.0,V & V BRAVO S.A.C.,4,22,,Lima Top
THE GRAND,1.0,Edificio de departamentos,24347,1230,3778840.0,12189.8,15,3,1.0,V & V BRAVO S.A.C.,4,22,,Lima Top
THE GRAND,1.0,Edificio de departamentos,24347,1230,8206480.0,13322.2,3,3,1.0,V & V BRAVO S.A.C.,4,22,,Lima Top
THE GRAND,1.0,Edificio de departamentos,24347,1230,4182610.0,13804.0,16,3,1.0,V & V BRAVO S.A.C.,4,22,,Lima Top
THE GRAND,1.0,Edificio de departamentos,24347,1230,63498.0,4884.46,47,0,1.0,V & V BRAVO S.A.C.,4,22,,Lima Top
THE GRAND,1.0,Edificio de departamentos,24347,1230,1803540.0,11944.0,1,1,1.0,V & V BRAVO S.A.C.,4,22,,Lima Top
THE GRAND,1.0,Edificio de departamentos,24347,1230,22176.0,3696.0,12,0,1.0,V & V BRAVO S.A.C.,4,22,,Lima Top
THE LEAD ,1.0,Edificio de departamentos,22167,544,578680.0,8510.0,39,2,1.0,PDK PERU SRL,4,22,,Lima Top
THE LEAD ,1.0,Edificio de departamentos,22167,544,0.0,0.0,1,0,1.0,PDK PERU SRL,4,22,,Lima Top
THE LEAD ,1.0,Edificio de departamentos,22167,544,392794.0,8539.0,39,1,1.0,PDK PERU SRL,4,22,,Lima Top
THE LEAD ,1.0,Edificio de departamentos,22167,544,528364.0,8522.0,39,2,1.0,PDK PERU SRL,4,22,,Lima Top
THE LEAD ,1.0,Edificio de departamentos,22167,544,1127000.0,8166.67,4,2,1.0,PDK PERU SRL,4,22,,Lima Top
THE LEAD ,1.0,Edificio de departamentos,22167,544,775260.0,8614.0,2,2,1.0,PDK PERU SRL,4,22,,Lima Top
THE LEAD ,1.0,Edificio de departamentos,22167,544,510000.0,8500.0,39,2,1.0,PDK PERU SRL,4,22,,Lima Top
THE LEAD ,1.0,Edificio de departamentos,22167,544,57000.0,4071.43,92,0,1.0,PDK PERU SRL,4,22,,Lima Top
THE PALMS,1.0,Edificio de departamentos,31619,822,0.0,0.0,1,0,1.0,INVERSIONES INMOBILIARIAS AUSTRALES SA,4,20,,Lima Top
THE PALMS,1.0,Edificio de departamentos,31619,822,2012580.0,11058.1,3,2,1.0,INVERSIONES INMOBILIARIAS AUSTRALES SA,4,20,,Lima Top
THE PALMS,1.0,Edificio de departamentos,31619,822,2667000.0,11495.7,15,3,1.0,INVERSIONES INMOBILIARIAS AUSTRALES SA,4,20,,Lima Top
THE PALMS,1.0,Edificio de departamentos,31619,822,1796300.0,13506.0,4,3,1.0,INVERSIONES INMOBILIARIAS AUSTRALES SA,4,20,,Lima Top
THE PALMS,1.0,Edificio de departamentos,31619,822,2846220.0,14521.5,2,3,1.0,INVERSIONES INMOBILIARIAS AUSTRALES SA,4,20,,Lima Top
THE PALMS,1.0,Edificio de departamentos,31619,822,2212870.0,8644.02,29,3,1.0,INVERSIONES INMOBILIARIAS AUSTRALES SA,4,20,,Lima Top
THE PALMS,1.0,Edificio de departamentos,31619,822,4733290.0,15170.8,20,3,1.0,INVERSIONES INMOBILIARIAS AUSTRALES SA,4,20,,Lima Top
THE PALMS,1.0,Edificio de departamentos,31619,822,85000.0,4473.68,23,0,1.0,INVERSIONES INMOBILIARIAS AUSTRALES SA,4,20,,Lima Top
THE PALMS,1.0,Edificio de departamentos,31619,822,2245240.0,14121.0,8,2,1.0,INVERSIONES INMOBILIARIAS AUSTRALES SA,4,20,,Lima Top
THE SUMMIT,,Edificio de departamentos,18010,800,98583.8,7583.37,110,0,0.0,MERIDIAN REAL ESTATE SAC,4,21,,Lima Top
THE SUMMIT,,Edificio de departamentos,18010,800,641000.0,8324.68,51,3,0.0,MERIDIAN REAL ESTATE SAC,4,21,,Lima Top
THE SUMMIT,,Edificio de departamentos,18010,800,532339.0,7604.84,1,2,0.0,MERIDIAN REAL ESTATE SAC,4,21,,Lima Top
THE SUMMIT,,Edificio de departamentos,18010,800,466273.0,8039.19,48,2,0.0,MERIDIAN REAL ESTATE SAC,4,21,,Lima Top
THE SUMMIT,,Edificio de departamentos,18010,800,578200.0,8143.66,48,3,0.0,MERIDIAN REAL ESTATE SAC,4,21,,Lima Top
THE SUMMIT,,Edificio de departamentos,18010,800,430947.0,7980.5,46,2,0.0,MERIDIAN REAL ESTATE SAC,4,21,,Lima Top
THE SUMMIT,,Edificio de departamentos,18010,800,385318.0,7863.63,44,2,0.0,MERIDIAN REAL ESTATE SAC,4,21,,Lima Top
THE SUMMIT,,Edificio de departamentos,18010,800,621032.0,8280.43,1,3,0.0,MERIDIAN REAL ESTATE SAC,4,21,,Lima Top
THE SUMMIT,,Edificio de departamentos,18010,800,470169.0,7583.37,1,2,0.0,MERIDIAN REAL ESTATE SAC,4,21,,Lima Top
TOSCANA,1.0,Edificio de departamentos,8752,1189,1098000.0,9716.81,7,3,1.0,PROYECTOS URBAESPACIOS,4,8,,Lima Top
TOSCANA,1.0,Edificio de departamentos,8752,1189,860000.0,8600.0,6,3,1.0,PROYECTOS URBAESPACIOS,4,8,,Lima Top
TOSCANA,1.0,Edificio de departamentos,8752,1189,641520.0,9720.0,5,2,1.0,PROYECTOS URBAESPACIOS,4,8,,Lima Top
TOSCANA,1.0,Edificio de departamentos,8752,1189,519750.0,8250.0,12,2,1.0,PROYECTOS URBAESPACIOS,4,8,,Lima Top
TOSCANA,1.0,Edificio de departamentos,8752,1189,944943.0,8513.0,4,2,1.0,PROYECTOS URBAESPACIOS,4,8,,Lima Top
TOSCANA,1.0,Edificio de departamentos,8752,1189,65000.0,4642.86,80,0,1.0,PROYECTOS URBAESPACIOS,4,8,,Lima Top
TOSCANA,1.0,Edificio de departamentos,8752,1189,925000.0,9946.24,8,3,1.0,PROYECTOS URBAESPACIOS,4,8,,Lima Top
TOSCANA,1.0,Edificio de departamentos,8752,1189,946474.0,8929.0,1,2,1.0,PROYECTOS URBAESPACIOS,4,8,,Lima Top
TOSCANA,1.0,Edificio de departamentos,8752,1189,910000.0,7054.26,7,3,1.0,PROYECTOS URBAESPACIOS,4,8,,Lima Top
TOSCANA,1.0,Edificio de departamentos,8752,1189,472000.0,8581.82,31,2,1.0,PROYECTOS URBAESPACIOS,4,8,,Lima Top
TWO FLEX ONE,,Edificio de departamentos,2360,372,54615.0,4201.15,20,0,1.0,TALLER DE DISEÑO CONSTRUCTIVO SAC,4,5,,Lima Top
TWO FLEX ONE,,Edificio de departamentos,2360,372,983070.0,6923.03,2,2,1.0,TALLER DE DISEÑO CONSTRUCTIVO SAC,4,5,,Lima Top
TWO FLEX ONE,,Edificio de departamentos,2360,372,1274350.0,6851.34,1,3,1.0,TALLER DE DISEÑO CONSTRUCTIVO SAC,4,5,,Lima Top
TWO FLEX ONE,,Edificio de departamentos,2360,372,983070.0,6642.36,1,2,1.0,TALLER DE DISEÑO CONSTRUCTIVO SAC,4,5,,Lima Top
TWO FLEX ONE,,Edificio de departamentos,2360,372,1565630.0,6313.02,1,3,1.0,TALLER DE DISEÑO CONSTRUCTIVO SAC,4,5,,Lima Top
TWO FLEX ONE,,Edificio de departamentos,2360,372,1055890.0,7763.9,1,3,1.0,TALLER DE DISEÑO CONSTRUCTIVO SAC,4,5,,Lima Top
TWO FLEX ONE,,Edificio de departamentos,2360,372,802560.0,8629.68,6,2,1.0,TALLER DE DISEÑO CONSTRUCTIVO SAC,4,5,,Lima Top
TWO FLEX ONE,,Edificio de departamentos,2360,372,983070.0,9102.5,2,2,1.0,TALLER DE DISEÑO CONSTRUCTIVO SAC,4,5,,Lima Top
TWO FLEX ONE,,Edificio de departamentos,2360,372,982500.0,8931.82,2,3,1.0,TALLER DE DISEÑO CONSTRUCTIVO SAC,4,5,,Lima Top
TWO FLEX ONE,,Edificio de departamentos,2360,372,1034040.0,7893.47,1,3,1.0,TALLER DE DISEÑO CONSTRUCTIVO SAC,4,5,,Lima Top
TWO FLEX ONE,,Edificio de departamentos,2360,372,1201530.0,7326.4,1,3,1.0,TALLER DE DISEÑO CONSTRUCTIVO SAC,4,5,,Lima Top
VISUM,1.0,Edificio de departamentos,9941,652,568000.0,8738.46,14,2,0.5,URBALIMA SAC,4,25,,Lima Top
VISUM,1.0,Edificio de departamentos,9941,652,498000.0,8586.21,7,2,0.5,URBALIMA SAC,4,25,,Lima Top
VISUM,1.0,Edificio de departamentos,9941,652,488000.0,8714.29,7,2,0.5,URBALIMA SAC,4,25,,Lima Top
VISUM,1.0,Edificio de departamentos,9941,652,833000.0,8330.0,12,3,0.5,URBALIMA SAC,4,25,,Lima Top
VISUM,1.0,Edificio de departamentos,9941,652,1008300.0,8264.75,39,3,0.5,URBALIMA SAC,4,25,,Lima Top
VISUM,1.0,Edificio de departamentos,9941,652,299340.0,8315.0,10,3,0.5,URBALIMA SAC,4,25,,Lima Top
VISUM,1.0,Edificio de departamentos,9941,652,65000.0,4642.86,40,0,0.5,URBALIMA SAC,4,25,,Lima Top
VISUM,1.0,Edificio de departamentos,9941,652,1413050.0,8411.0,4,3,0.5,URBALIMA SAC,4,25,,Lima Top
VISUM,1.0,Edificio de departamentos,9941,652,1910600.0,8200.0,4,1,0.5,URBALIMA SAC,4,25,,Lima Top
VISUM,1.0,Edificio de departamentos,9941,652,0.0,0.0,1,0,0.5,URBALIMA SAC,4,25,,Lima Top
WALK STREET,1.0,Edificio de departamentos,2850,570,755630.0,12187.6,7,2,1.0,INNOVA & BUILD SAC,4,5,,Lima Top
WALK STREET,1.0,Edificio de departamentos,2850,570,718770.0,11593.1,4,2,1.0,INNOVA & BUILD SAC,4,5,,Lima Top
WALK STREET,1.0,Edificio de departamentos,2850,570,510408.0,11342.4,9,1,1.0,INNOVA & BUILD SAC,4,5,,Lima Top
WALK STREET,1.0,Edificio de departamentos,2850,570,1374170.0,7083.34,2,3,1.0,INNOVA & BUILD SAC,4,5,,Lima Top
WALK STREET,1.0,Edificio de departamentos,2850,570,1257260.0,7309.62,3,3,1.0,INNOVA & BUILD SAC,4,5,,Lima Top
WALK STREET,1.0,Edificio de departamentos,2850,570,1296100.0,8151.6,1,3,1.0,INNOVA & BUILD SAC,4,5,,Lima Top
WALK STREET,1.0,Edificio de departamentos,2850,570,768690.0,8938.26,1,2,1.0,INNOVA & BUILD SAC,4,5,,Lima Top
WALK STREET,1.0,Edificio de departamentos,2850,570,70200.0,4680.0,35,0,1.0,INNOVA & BUILD SAC,4,5,,Lima Top
WALK STREET,1.0,Edificio de departamentos,2850,570,747985.0,9468.17,5,2,1.0,INNOVA & BUILD SAC,4,5,,Lima Top
WEST PRADO,,Edificio de departamentos,11600,580,1300000.0,9489.05,16,3,0.0,INMOBILIARIA CANTABRIA SAC,4,18,,Lima Top
WEST PRADO,,Edificio de departamentos,11600,580,50000.0,3846.15,57,0,0.0,INMOBILIARIA CANTABRIA SAC,4,18,,Lima Top
WEST PRADO,,Edificio de departamentos,11600,580,1253930.0,9572.0,32,3,0.0,INMOBILIARIA CANTABRIA SAC,4,18,,Lima Top
WEST PRADO,,Edificio de departamentos,11600,580,1070000.0,9639.64,16,3,0.0,INMOBILIARIA CANTABRIA SAC,4,18,,Lima Top
WEST PRADO,,Edificio de departamentos,11600,580,790000.0,9875.0,16,3,0.0,INMOBILIARIA CANTABRIA SAC,4,18,,Lima Top
WEST PRADO,,Edificio de departamentos,11600,580,0.0,0.0,1,0,0.0,INMOBILIARIA CANTABRIA SAC,4,18,,Lima Top
